/*
 Navicat Premium Data Transfer

 Source Server         : mysql8
 Source Server Type    : MySQL
 Source Server Version : 50721
 Source Host           : localhost:3306
 Source Schema         : emos1

 Target Server Type    : MySQL
 Target Server Version : 50721
 File Encoding         : 65001

 Date: 24/06/2021 17:29:38
*/

SET NAMES utf8mb4;
SET FOREIGN_KEY_CHECKS = 0;

-- ----------------------------
-- Table structure for act_evt_log
-- ----------------------------
DROP TABLE IF EXISTS `act_evt_log`;
CREATE TABLE `act_evt_log`  (
  `LOG_NR_` bigint(20) NOT NULL AUTO_INCREMENT,
  `TYPE_` varchar(64) CHARACTER SET utf8 COLLATE utf8_bin NULL DEFAULT NULL,
  `PROC_DEF_ID_` varchar(64) CHARACTER SET utf8 COLLATE utf8_bin NULL DEFAULT NULL,
  `PROC_INST_ID_` varchar(64) CHARACTER SET utf8 COLLATE utf8_bin NULL DEFAULT NULL,
  `EXECUTION_ID_` varchar(64) CHARACTER SET utf8 COLLATE utf8_bin NULL DEFAULT NULL,
  `TASK_ID_` varchar(64) CHARACTER SET utf8 COLLATE utf8_bin NULL DEFAULT NULL,
  `TIME_STAMP_` timestamp(3) NOT NULL DEFAULT CURRENT_TIMESTAMP(3) ON UPDATE CURRENT_TIMESTAMP(3),
  `USER_ID_` varchar(255) CHARACTER SET utf8 COLLATE utf8_bin NULL DEFAULT NULL,
  `DATA_` longblob NULL,
  `LOCK_OWNER_` varchar(255) CHARACTER SET utf8 COLLATE utf8_bin NULL DEFAULT NULL,
  `LOCK_TIME_` timestamp(3) NULL DEFAULT NULL,
  `IS_PROCESSED_` tinyint(4) NULL DEFAULT 0,
  PRIMARY KEY (`LOG_NR_`) USING BTREE
) ENGINE = InnoDB AUTO_INCREMENT = 1 CHARACTER SET = utf8 COLLATE = utf8_bin ROW_FORMAT = Dynamic;

-- ----------------------------
-- Records of act_evt_log
-- ----------------------------

-- ----------------------------
-- Table structure for act_ge_bytearray
-- ----------------------------
DROP TABLE IF EXISTS `act_ge_bytearray`;
CREATE TABLE `act_ge_bytearray`  (
  `ID_` varchar(64) CHARACTER SET utf8 COLLATE utf8_bin NOT NULL,
  `REV_` int(11) NULL DEFAULT NULL,
  `NAME_` varchar(255) CHARACTER SET utf8 COLLATE utf8_bin NULL DEFAULT NULL,
  `DEPLOYMENT_ID_` varchar(64) CHARACTER SET utf8 COLLATE utf8_bin NULL DEFAULT NULL,
  `BYTES_` longblob NULL,
  `GENERATED_` tinyint(4) NULL DEFAULT NULL,
  PRIMARY KEY (`ID_`) USING BTREE,
  INDEX `ACT_FK_BYTEARR_DEPL`(`DEPLOYMENT_ID_`) USING BTREE,
  CONSTRAINT `ACT_FK_BYTEARR_DEPL` FOREIGN KEY (`DEPLOYMENT_ID_`) REFERENCES `act_re_deployment` (`ID_`) ON DELETE RESTRICT ON UPDATE RESTRICT
) ENGINE = InnoDB CHARACTER SET = utf8 COLLATE = utf8_bin ROW_FORMAT = Dynamic;

-- ----------------------------
-- Records of act_ge_bytearray
-- ----------------------------
INSERT INTO `act_ge_bytearray` VALUES ('b0d6e5de-e8de-11ec-8449-0242ac110004', 1, 'meeting.bpmn20.xml', 'b0d6e5dd-e8de-11ec-8449-0242ac110004', 0x3C3F786D6C2076657273696F6E3D22312E302220656E636F64696E673D225554462D38223F3E0D0A3C646566696E6974696F6E7320786D6C6E733D22687474703A2F2F7777772E6F6D672E6F72672F737065632F42504D4E2F32303130303532342F4D4F44454C2220786D6C6E733A7873693D22687474703A2F2F7777772E77332E6F72672F323030312F584D4C536368656D612D696E7374616E6365220D0A20202020202020202020202020786D6C6E733A7873643D22687474703A2F2F7777772E77332E6F72672F323030312F584D4C536368656D612220786D6C6E733A666C6F7761626C653D22687474703A2F2F666C6F7761626C652E6F72672F62706D6E220D0A20202020202020202020202020786D6C6E733A62706D6E64693D22687474703A2F2F7777772E6F6D672E6F72672F737065632F42504D4E2F32303130303532342F4449220D0A20202020202020202020202020786D6C6E733A61637469766974693D22687474703A2F2F61637469766974692E6F72672F62706D6E220D0A20202020202020202020202020786D6C6E733A6F6D6764633D22687474703A2F2F7777772E6F6D672E6F72672F737065632F44442F32303130303532342F44432220786D6C6E733A6F6D6764693D22687474703A2F2F7777772E6F6D672E6F72672F737065632F44442F32303130303532342F4449220D0A20202020202020202020202020747970654C616E67756167653D22687474703A2F2F7777772E77332E6F72672F323030312F584D4C536368656D61222065787072657373696F6E4C616E67756167653D22687474703A2F2F7777772E77332E6F72672F313939392F5850617468220D0A202020202020202020202020207461726765744E616D6573706163653D22687474703A2F2F7777772E666C6F7761626C652E6F72672F70726F63657373646566223E0D0A202020203C70726F636573732069643D226D656574696E6722206E616D653D226D656574696E672220697345786563757461626C653D2274727565223E0D0A20202020202020203C656E644576656E742069643D22456E644576656E745F3122206E616D653D22E7BB93E69D9F222F3E0D0A20202020202020203C736572766963655461736B2069643D22536572766963655461736B5F3122206E616D653D22E58F91E98081E9809AE79FA5222061637469766974693A64656C656761746545787072657373696F6E3D22247B6E6F74696679536572766963657D222F3E0D0A20202020202020203C73746172744576656E742069643D2253746172744576656E745F3122206E616D653D22E5BC80E5A78B222F3E0D0A20202020202020203C757365725461736B2069643D22557365725461736B5F3122206E616D653D22E5889BE5BBBAE4BC9AE8AEAE222061637469766974693A61737369676E65653D22247B63726561746F7249647D222F3E0D0A20202020202020203C6578636C7573697665476174657761792069643D224578636C7573697665476174657761795F3122206E616D653D22E588A4E696ADE5889BE5BBBAE88085222F3E0D0A20202020202020203C757365725461736B2069643D22557365725461736B5F3222206E616D653D22E983A8E997A8E7BB8FE79086E5AEA1E689B9222061637469766974693A61737369676E65653D22247B6D616E6167657249647D222F3E0D0A20202020202020203C757365725461736B2069643D22557365725461736B5F3322206E616D653D22E680BBE7BB8FE79086E5AEA1E689B9222061637469766974693A61737369676E65653D22247B676D49647D222F3E0D0A20202020202020203C6578636C7573697665476174657761792069643D224578636C7573697665476174657761795F3222206E616D653D22E588A4E696ADE5AEA1E689B9E7BB93E69E9C222F3E0D0A20202020202020203C73657175656E6365466C6F7720736F757263655265663D2253746172744576656E745F3122207461726765745265663D22557365725461736B5F31222069643D2253746172744576656E745F312D557365725461736B5F31222F3E0D0A20202020202020203C73657175656E6365466C6F7720736F757263655265663D22557365725461736B5F3122207461726765745265663D224578636C7573697665476174657761795F31222069643D22557365725461736B5F312D4578636C7573697665476174657761795F31222F3E0D0A20202020202020203C73657175656E6365466C6F7720736F757263655265663D224578636C7573697665476174657761795F3122207461726765745265663D22557365725461736B5F32222069643D224578636C7573697665476174657761795F312D557365725461736B5F32223E0D0A2020202020202020202020203C636F6E646974696F6E45787072657373696F6E3E247B6964656E74697479213D27E680BBE7BB8FE79086277D3C2F636F6E646974696F6E45787072657373696F6E3E0D0A20202020202020203C2F73657175656E6365466C6F773E0D0A20202020202020203C73657175656E6365466C6F7720736F757263655265663D224578636C7573697665476174657761795F3122207461726765745265663D22536572766963655461736B5F31222069643D224578636C7573697665476174657761795F312D536572766963655461736B5F31223E0D0A2020202020202020202020203C636F6E646974696F6E45787072657373696F6E3E247B6964656E746974793D3D27E680BBE7BB8FE79086277D3C2F636F6E646974696F6E45787072657373696F6E3E0D0A20202020202020203C2F73657175656E6365466C6F773E0D0A20202020202020203C73657175656E6365466C6F7720736F757263655265663D22557365725461736B5F3222207461726765745265663D224578636C7573697665476174657761795F32222069643D22557365725461736B5F322D4578636C7573697665476174657761795F32222F3E0D0A20202020202020203C73657175656E6365466C6F7720736F757263655265663D224578636C7573697665476174657761795F3222207461726765745265663D22536572766963655461736B5F31222069643D224578636C7573697665476174657761795F322D536572766963655461736B5F31223E0D0A2020202020202020202020203C636F6E646974696F6E45787072657373696F6E3E3C215B43444154415B247B28726573756C743D3D27E4B88DE5908CE6848F27262673616D65446570743D3D66616C7365297C7C73616D65446570743D3D747275657D5D5D3E3C2F636F6E646974696F6E45787072657373696F6E3E0D0A20202020202020203C2F73657175656E6365466C6F773E0D0A20202020202020203C73657175656E6365466C6F7720736F757263655265663D224578636C7573697665476174657761795F3222207461726765745265663D22557365725461736B5F33222069643D224578636C7573697665476174657761795F322D557365725461736B5F33223E0D0A2020202020202020202020203C636F6E646974696F6E45787072657373696F6E3E3C215B43444154415B247B726573756C743D3D27E5908CE6848F27262673616D65446570743D3D66616C73657D5D5D3E3C2F636F6E646974696F6E45787072657373696F6E3E0D0A20202020202020203C2F73657175656E6365466C6F773E0D0A20202020202020203C73657175656E6365466C6F7720736F757263655265663D22536572766963655461736B5F3122207461726765745265663D22456E644576656E745F31222069643D22536572766963655461736B5F312D456E644576656E745F31222F3E0D0A20202020202020203C73657175656E6365466C6F7720736F757263655265663D22557365725461736B5F3322207461726765745265663D22536572766963655461736B5F31222069643D22557365725461736B5F332D536572766963655461736B5F31222F3E0D0A202020203C2F70726F636573733E0D0A0D0A3C212D2D202020203C62706D6E64693A42504D4E4469616772616D2069643D2242504D4E4469616772616D5F6D656574696E67223E2D2D3E0D0A3C212D2D20202020202020203C62706D6E64693A42504D4E506C616E652062706D6E456C656D656E743D226D656574696E67222069643D2242504D4E506C616E655F6D656574696E67223E2D2D3E0D0A3C212D2D2020202020202020202020203C62706D6E64693A42504D4E53686170652062706D6E456C656D656E743D2253746172744576656E745F31223E2D2D3E0D0A3C212D2D202020202020202020202020202020203C6F6D6764633A426F756E6473206865696768743D2234382E30222077696474683D2234382E302220783D2236382E302220793D223235372E30222F3E2D2D3E0D0A3C212D2D2020202020202020202020203C2F62706D6E64693A42504D4E53686170653E2D2D3E0D0A3C212D2D2020202020202020202020203C62706D6E64693A42504D4E53686170652062706D6E456C656D656E743D22557365725461736B5F31223E2D2D3E0D0A3C212D2D202020202020202020202020202020203C6F6D6764633A426F756E6473206865696768743D2234382E30222077696474683D223132302E302220783D223230352E302220793D223235372E30222F3E2D2D3E0D0A3C212D2D2020202020202020202020203C2F62706D6E64693A42504D4E53686170653E2D2D3E0D0A3C212D2D2020202020202020202020203C62706D6E64693A42504D4E53686170652062706D6E456C656D656E743D224578636C7573697665476174657761795F31223E2D2D3E0D0A3C212D2D202020202020202020202020202020203C6F6D6764633A426F756E6473206865696768743D2234382E30222077696474683D2234382E302220783D223431322E302220793D223235372E30222F3E2D2D3E0D0A3C212D2D2020202020202020202020203C2F62706D6E64693A42504D4E53686170653E2D2D3E0D0A3C212D2D2020202020202020202020203C62706D6E64693A42504D4E53686170652062706D6E456C656D656E743D22557365725461736B5F32223E2D2D3E0D0A3C212D2D202020202020202020202020202020203C6F6D6764633A426F756E6473206865696768743D2234382E30222077696474683D223132302E302220783D223534322E302220793D223137322E30222F3E2D2D3E0D0A3C212D2D2020202020202020202020203C2F62706D6E64693A42504D4E53686170653E2D2D3E0D0A3C212D2D2020202020202020202020203C62706D6E64693A42504D4E53686170652062706D6E456C656D656E743D22536572766963655461736B5F31223E2D2D3E0D0A3C212D2D202020202020202020202020202020203C6F6D6764633A426F756E6473206865696768743D2234382E30222077696474683D2238302E302220783D223830302E302220793D223235372E30222F3E2D2D3E0D0A3C212D2D2020202020202020202020203C2F62706D6E64693A42504D4E53686170653E2D2D3E0D0A3C212D2D2020202020202020202020203C62706D6E64693A42504D4E53686170652062706D6E456C656D656E743D224578636C7573697665476174657761795F32223E2D2D3E0D0A3C212D2D202020202020202020202020202020203C6F6D6764633A426F756E6473206865696768743D2234382E30222077696474683D2234382E302220783D223735302E302220793D223137322E30222F3E2D2D3E0D0A3C212D2D2020202020202020202020203C2F62706D6E64693A42504D4E53686170653E2D2D3E0D0A3C212D2D2020202020202020202020203C62706D6E64693A42504D4E53686170652062706D6E456C656D656E743D22557365725461736B5F33223E2D2D3E0D0A3C212D2D202020202020202020202020202020203C6F6D6764633A426F756E6473206865696768743D2234382E30222077696474683D223132302E302220783D223932302E302220793D223137322E30222F3E2D2D3E0D0A3C212D2D2020202020202020202020203C2F62706D6E64693A42504D4E53686170653E2D2D3E0D0A3C212D2D2020202020202020202020203C62706D6E64693A42504D4E53686170652062706D6E456C656D656E743D22456E644576656E745F31223E2D2D3E0D0A3C212D2D202020202020202020202020202020203C6F6D6764633A426F756E6473206865696768743D2234382E30222077696474683D2234382E302220783D223831352E302220793D223339382E30222F3E2D2D3E0D0A3C212D2D2020202020202020202020203C2F62706D6E64693A42504D4E53686170653E2D2D3E0D0A3C212D2D2020202020202020202020203C62706D6E64693A42504D4E456467652062706D6E456C656D656E743D22557365725461736B5F312D4578636C7573697665476174657761795F31223E2D2D3E0D0A3C212D2D2020202020202020202020203C2F62706D6E64693A42504D4E456467653E2D2D3E0D0A3C212D2D2020202020202020202020203C62706D6E64693A42504D4E456467652062706D6E456C656D656E743D224578636C7573697665476174657761795F312D557365725461736B5F32223E2D2D3E0D0A0D0A3C212D2D2020202020202020202020203C2F62706D6E64693A42504D4E456467653E2D2D3E0D0A3C212D2D2020202020202020202020203C62706D6E64693A42504D4E456467652062706D6E456C656D656E743D224578636C7573697665476174657761795F312D536572766963655461736B5F31223E2D2D3E0D0A0D0A3C212D2D2020202020202020202020203C2F62706D6E64693A42504D4E456467653E2D2D3E0D0A3C212D2D2020202020202020202020203C62706D6E64693A42504D4E456467652062706D6E456C656D656E743D22557365725461736B5F322D4578636C7573697665476174657761795F32223E2D2D3E0D0A3C212D2D2020202020202020202020203C2F62706D6E64693A42504D4E456467653E2D2D3E0D0A3C212D2D2020202020202020202020203C62706D6E64693A42504D4E456467652062706D6E456C656D656E743D224578636C7573697665476174657761795F322D557365725461736B5F31223E2D2D3E0D0A3C212D2D202020202020202020202020202020203C6F6D6764693A776179706F696E7420783D223737352E302220793D223133302E30222F3E2D2D3E0D0A3C212D2D202020202020202020202020202020203C6F6D6764693A776179706F696E7420783D223530302E302220793D223133302E30222F3E2D2D3E0D0A3C212D2D2020202020202020202020203C2F62706D6E64693A42504D4E456467653E2D2D3E0D0A3C212D2D2020202020202020202020203C62706D6E64693A42504D4E456467652062706D6E456C656D656E743D224578636C7573697665476174657761795F322D536572766963655461736B5F31223E2D2D3E0D0A0D0A3C212D2D2020202020202020202020203C2F62706D6E64693A42504D4E456467653E2D2D3E0D0A0D0A0D0A0D0A3C212D2D2020202020202020202020203C62706D6E64693A42504D4E456467652062706D6E456C656D656E743D224578636C7573697665476174657761795F322D557365725461736B5F33223E2D2D3E0D0A3C212D2D2020202020202020202020203C2F62706D6E64693A42504D4E456467653E2D2D3E0D0A3C212D2D2020202020202020202020203C62706D6E64693A42504D4E456467652062706D6E456C656D656E743D22536572766963655461736B5F312D456E644576656E745F31223E2D2D3E0D0A3C212D2D2020202020202020202020203C2F62706D6E64693A42504D4E456467653E2D2D3E0D0A3C212D2D2020202020202020202020203C62706D6E64693A42504D4E456467652062706D6E456C656D656E743D22557365725461736B5F332D536572766963655461736B5F31223E2D2D3E0D0A3C212D2D202020202020202020202020202020203C6F6D6764693A776179706F696E7420783D223938302E302220793D223139362E30222F3E2D2D3E0D0A3C212D2D202020202020202020202020202020203C6F6D6764693A776179706F696E7420783D223834302E302220793D223238312E30222F3E2D2D3E0D0A3C212D2D2020202020202020202020203C2F62706D6E64693A42504D4E456467653E2D2D3E0D0A3C212D2D20202020202020203C2F62706D6E64693A42504D4E506C616E653E2D2D3E0D0A3C212D2D202020203C2F62706D6E64693A42504D4E4469616772616D3E2D2D3E0D0A3C2F646566696E6974696F6E733E, 0);

-- ----------------------------
-- Table structure for act_ge_property
-- ----------------------------
DROP TABLE IF EXISTS `act_ge_property`;
CREATE TABLE `act_ge_property`  (
  `NAME_` varchar(64) CHARACTER SET utf8 COLLATE utf8_bin NOT NULL,
  `VALUE_` varchar(300) CHARACTER SET utf8 COLLATE utf8_bin NULL DEFAULT NULL,
  `REV_` int(11) NULL DEFAULT NULL,
  PRIMARY KEY (`NAME_`) USING BTREE
) ENGINE = InnoDB CHARACTER SET = utf8 COLLATE = utf8_bin ROW_FORMAT = Dynamic;

-- ----------------------------
-- Records of act_ge_property
-- ----------------------------
INSERT INTO `act_ge_property` VALUES ('cfg.execution-related-entities-count', 'false', 1);
INSERT INTO `act_ge_property` VALUES ('next.dbid', '1', 1);
INSERT INTO `act_ge_property` VALUES ('schema.history', 'create(7.0.0.0)', 1);
INSERT INTO `act_ge_property` VALUES ('schema.version', '7.0.0.0', 1);

-- ----------------------------
-- Table structure for act_hi_actinst
-- ----------------------------
DROP TABLE IF EXISTS `act_hi_actinst`;
CREATE TABLE `act_hi_actinst`  (
  `ID_` varchar(64) CHARACTER SET utf8 COLLATE utf8_bin NOT NULL,
  `PROC_DEF_ID_` varchar(64) CHARACTER SET utf8 COLLATE utf8_bin NOT NULL,
  `PROC_INST_ID_` varchar(64) CHARACTER SET utf8 COLLATE utf8_bin NOT NULL,
  `EXECUTION_ID_` varchar(64) CHARACTER SET utf8 COLLATE utf8_bin NOT NULL,
  `ACT_ID_` varchar(255) CHARACTER SET utf8 COLLATE utf8_bin NOT NULL,
  `TASK_ID_` varchar(64) CHARACTER SET utf8 COLLATE utf8_bin NULL DEFAULT NULL,
  `CALL_PROC_INST_ID_` varchar(64) CHARACTER SET utf8 COLLATE utf8_bin NULL DEFAULT NULL,
  `ACT_NAME_` varchar(255) CHARACTER SET utf8 COLLATE utf8_bin NULL DEFAULT NULL,
  `ACT_TYPE_` varchar(255) CHARACTER SET utf8 COLLATE utf8_bin NOT NULL,
  `ASSIGNEE_` varchar(255) CHARACTER SET utf8 COLLATE utf8_bin NULL DEFAULT NULL,
  `START_TIME_` datetime(3) NOT NULL,
  `END_TIME_` datetime(3) NULL DEFAULT NULL,
  `DURATION_` bigint(20) NULL DEFAULT NULL,
  `DELETE_REASON_` varchar(4000) CHARACTER SET utf8 COLLATE utf8_bin NULL DEFAULT NULL,
  `TENANT_ID_` varchar(255) CHARACTER SET utf8 COLLATE utf8_bin NULL DEFAULT '',
  PRIMARY KEY (`ID_`) USING BTREE,
  INDEX `ACT_IDX_HI_ACT_INST_START`(`START_TIME_`) USING BTREE,
  INDEX `ACT_IDX_HI_ACT_INST_END`(`END_TIME_`) USING BTREE,
  INDEX `ACT_IDX_HI_ACT_INST_PROCINST`(`PROC_INST_ID_`, `ACT_ID_`) USING BTREE,
  INDEX `ACT_IDX_HI_ACT_INST_EXEC`(`EXECUTION_ID_`, `ACT_ID_`) USING BTREE
) ENGINE = InnoDB CHARACTER SET = utf8 COLLATE = utf8_bin ROW_FORMAT = Dynamic;

-- ----------------------------
-- Records of act_hi_actinst
-- ----------------------------
INSERT INTO `act_hi_actinst` VALUES ('24200340-eae9-11ec-b2ef-0242ac110003', 'meeting:1:b156eb4f-e8de-11ec-8449-0242ac110004', '24197386-eae9-11ec-b2ef-0242ac110003', '241fdc2f-eae9-11ec-b2ef-0242ac110003', 'StartEvent_1', NULL, NULL, '开始', 'startEvent', NULL, '2022-06-13 15:19:19.600', '2022-06-13 15:19:19.600', 0, NULL, '');
INSERT INTO `act_hi_actinst` VALUES ('24200341-eae9-11ec-b2ef-0242ac110003', 'meeting:1:b156eb4f-e8de-11ec-8449-0242ac110004', '24197386-eae9-11ec-b2ef-0242ac110003', '241fdc2f-eae9-11ec-b2ef-0242ac110003', 'UserTask_1', '24202a52-eae9-11ec-b2ef-0242ac110003', NULL, '创建会议', 'userTask', 'oVZt25eB6ENHvRmotxTguK9lP0ng', '2022-06-13 15:19:19.600', '2022-06-13 15:19:20.055', 455, NULL, '');
INSERT INTO `act_hi_actinst` VALUES ('246597cd-eae9-11ec-b2ef-0242ac110003', 'meeting:1:b156eb4f-e8de-11ec-8449-0242ac110004', '24197386-eae9-11ec-b2ef-0242ac110003', '241fdc2f-eae9-11ec-b2ef-0242ac110003', 'ExclusiveGateway_1', NULL, NULL, '判断创建者', 'exclusiveGateway', NULL, '2022-06-13 15:19:20.056', '2022-06-13 15:19:20.056', 0, NULL, '');
INSERT INTO `act_hi_actinst` VALUES ('2466340e-eae9-11ec-b2ef-0242ac110003', 'meeting:1:b156eb4f-e8de-11ec-8449-0242ac110004', '24197386-eae9-11ec-b2ef-0242ac110003', '241fdc2f-eae9-11ec-b2ef-0242ac110003', 'UserTask_2', '2466340f-eae9-11ec-b2ef-0242ac110003', NULL, '部门经理审批', 'userTask', '21', '2022-06-13 15:19:20.060', '2022-06-13 15:19:33.702', 13642, NULL, '');
INSERT INTO `act_hi_actinst` VALUES ('2c87cebc-eae9-11ec-b2ef-0242ac110003', 'meeting:1:b156eb4f-e8de-11ec-8449-0242ac110004', '24197386-eae9-11ec-b2ef-0242ac110003', '241fdc2f-eae9-11ec-b2ef-0242ac110003', 'ExclusiveGateway_2', NULL, NULL, '判断审批结果', 'exclusiveGateway', NULL, '2022-06-13 15:19:33.702', '2022-06-13 15:19:33.711', 9, NULL, '');
INSERT INTO `act_hi_actinst` VALUES ('2c89a37d-eae9-11ec-b2ef-0242ac110003', 'meeting:1:b156eb4f-e8de-11ec-8449-0242ac110004', '24197386-eae9-11ec-b2ef-0242ac110003', '241fdc2f-eae9-11ec-b2ef-0242ac110003', 'ServiceTask_1', NULL, NULL, '发送通知', 'serviceTask', NULL, '2022-06-13 15:19:33.714', '2022-06-13 15:19:34.599', 885, NULL, '');
INSERT INTO `act_hi_actinst` VALUES ('2d10d4de-eae9-11ec-b2ef-0242ac110003', 'meeting:1:b156eb4f-e8de-11ec-8449-0242ac110004', '24197386-eae9-11ec-b2ef-0242ac110003', '241fdc2f-eae9-11ec-b2ef-0242ac110003', 'EndEvent_1', NULL, NULL, '结束', 'endEvent', NULL, '2022-06-13 15:19:34.600', '2022-06-13 15:19:34.613', 13, NULL, '');
INSERT INTO `act_hi_actinst` VALUES ('319376d1-eae9-11ec-b2ef-0242ac110003', 'meeting:1:b156eb4f-e8de-11ec-8449-0242ac110004', '66cb6252-eae8-11ec-b2ef-0242ac110003', '66cf32eb-eae8-11ec-b2ef-0242ac110003', 'ExclusiveGateway_2', NULL, NULL, '判断审批结果', 'exclusiveGateway', NULL, '2022-06-13 15:19:42.167', '2022-06-13 15:19:42.175', 8, NULL, '');
INSERT INTO `act_hi_actinst` VALUES ('319599b2-eae9-11ec-b2ef-0242ac110003', 'meeting:1:b156eb4f-e8de-11ec-8449-0242ac110004', '66cb6252-eae8-11ec-b2ef-0242ac110003', '66cf32eb-eae8-11ec-b2ef-0242ac110003', 'ServiceTask_1', NULL, NULL, '发送通知', 'serviceTask', NULL, '2022-06-13 15:19:42.181', '2022-06-13 15:19:42.534', 353, NULL, '');
INSERT INTO `act_hi_actinst` VALUES ('31cb9dd3-eae9-11ec-b2ef-0242ac110003', 'meeting:1:b156eb4f-e8de-11ec-8449-0242ac110004', '66cb6252-eae8-11ec-b2ef-0242ac110003', '66cf32eb-eae8-11ec-b2ef-0242ac110003', 'EndEvent_1', NULL, NULL, '结束', 'endEvent', NULL, '2022-06-13 15:19:42.535', '2022-06-13 15:19:42.536', 1, NULL, '');
INSERT INTO `act_hi_actinst` VALUES ('3c89362f-eadd-11ec-b48e-0242ac110003', 'meeting:1:b156eb4f-e8de-11ec-8449-0242ac110004', '3c890f15-eadd-11ec-b48e-0242ac110003', '3c89362e-eadd-11ec-b48e-0242ac110003', 'StartEvent_1', NULL, NULL, '开始', 'startEvent', NULL, '2022-06-13 13:54:06.594', '2022-06-13 13:54:06.594', 0, NULL, '');
INSERT INTO `act_hi_actinst` VALUES ('3c893630-eadd-11ec-b48e-0242ac110003', 'meeting:1:b156eb4f-e8de-11ec-8449-0242ac110004', '3c890f15-eadd-11ec-b48e-0242ac110003', '3c89362e-eadd-11ec-b48e-0242ac110003', 'UserTask_1', '3c893631-eadd-11ec-b48e-0242ac110003', NULL, '创建会议', 'userTask', 'oVZt25eB6ENHvRmotxTguK9lP0ng', '2022-06-13 13:54:06.594', '2022-06-13 13:54:06.893', 299, NULL, '');
INSERT INTO `act_hi_actinst` VALUES ('3cb6d5ec-eadd-11ec-b48e-0242ac110003', 'meeting:1:b156eb4f-e8de-11ec-8449-0242ac110004', '3c890f15-eadd-11ec-b48e-0242ac110003', '3c89362e-eadd-11ec-b48e-0242ac110003', 'ExclusiveGateway_1', NULL, NULL, '判断创建者', 'exclusiveGateway', NULL, '2022-06-13 13:54:06.893', '2022-06-13 13:54:06.894', 1, NULL, '');
INSERT INTO `act_hi_actinst` VALUES ('3cb7722d-eadd-11ec-b48e-0242ac110003', 'meeting:1:b156eb4f-e8de-11ec-8449-0242ac110004', '3c890f15-eadd-11ec-b48e-0242ac110003', '3c89362e-eadd-11ec-b48e-0242ac110003', 'UserTask_2', '3cb7c04e-eadd-11ec-b48e-0242ac110003', NULL, '部门经理审批', 'userTask', '21', '2022-06-13 13:54:06.897', '2022-06-13 13:54:24.071', 17174, NULL, '');
INSERT INTO `act_hi_actinst` VALUES ('46f3fd9b-eadd-11ec-b48e-0242ac110003', 'meeting:1:b156eb4f-e8de-11ec-8449-0242ac110004', '3c890f15-eadd-11ec-b48e-0242ac110003', '3c89362e-eadd-11ec-b48e-0242ac110003', 'ExclusiveGateway_2', NULL, NULL, '判断审批结果', 'exclusiveGateway', NULL, '2022-06-13 13:54:24.071', '2022-06-13 13:54:24.075', 4, NULL, '');
INSERT INTO `act_hi_actinst` VALUES ('46f5f96c-eadd-11ec-b48e-0242ac110003', 'meeting:1:b156eb4f-e8de-11ec-8449-0242ac110004', '3c890f15-eadd-11ec-b48e-0242ac110003', '3c89362e-eadd-11ec-b48e-0242ac110003', 'ServiceTask_1', NULL, NULL, '发送通知', 'serviceTask', NULL, '2022-06-13 13:54:24.084', '2022-06-13 13:54:24.408', 324, NULL, '');
INSERT INTO `act_hi_actinst` VALUES ('472790bd-eadd-11ec-b48e-0242ac110003', 'meeting:1:b156eb4f-e8de-11ec-8449-0242ac110004', '3c890f15-eadd-11ec-b48e-0242ac110003', '3c89362e-eadd-11ec-b48e-0242ac110003', 'EndEvent_1', NULL, NULL, '结束', 'endEvent', NULL, '2022-06-13 13:54:24.409', '2022-06-13 13:54:24.410', 1, NULL, '');
INSERT INTO `act_hi_actinst` VALUES ('5187cf5b-e990-11ec-90db-0242ac110002', 'meeting:1:b156eb4f-e8de-11ec-8449-0242ac110004', '51878131-e990-11ec-90db-0242ac110002', '5187a84a-e990-11ec-90db-0242ac110002', 'StartEvent_1', NULL, NULL, '开始', 'startEvent', NULL, '2022-06-11 22:10:59.406', '2022-06-11 22:10:59.406', 0, NULL, '');
INSERT INTO `act_hi_actinst` VALUES ('5187cf5c-e990-11ec-90db-0242ac110002', 'meeting:1:b156eb4f-e8de-11ec-8449-0242ac110004', '51878131-e990-11ec-90db-0242ac110002', '5187a84a-e990-11ec-90db-0242ac110002', 'UserTask_1', '5187cf5d-e990-11ec-90db-0242ac110002', NULL, '创建会议', 'userTask', 'oVZt25eB6ENHvRmotxTguK9lP0ng', '2022-06-11 22:10:59.406', '2022-06-11 22:10:59.539', 133, NULL, '');
INSERT INTO `act_hi_actinst` VALUES ('519c1ab8-e990-11ec-90db-0242ac110002', 'meeting:1:b156eb4f-e8de-11ec-8449-0242ac110004', '51878131-e990-11ec-90db-0242ac110002', '5187a84a-e990-11ec-90db-0242ac110002', 'ExclusiveGateway_1', NULL, NULL, '判断创建者', 'exclusiveGateway', NULL, '2022-06-11 22:10:59.539', '2022-06-11 22:10:59.539', 0, NULL, '');
INSERT INTO `act_hi_actinst` VALUES ('519c68d9-e990-11ec-90db-0242ac110002', 'meeting:1:b156eb4f-e8de-11ec-8449-0242ac110004', '51878131-e990-11ec-90db-0242ac110002', '5187a84a-e990-11ec-90db-0242ac110002', 'UserTask_2', '519c68da-e990-11ec-90db-0242ac110002', NULL, '部门经理审批', 'userTask', '21', '2022-06-11 22:10:59.541', '2022-06-11 22:48:42.559', 2263018, NULL, '');
INSERT INTO `act_hi_actinst` VALUES ('66cfcf2c-eae8-11ec-b2ef-0242ac110003', 'meeting:1:b156eb4f-e8de-11ec-8449-0242ac110004', '66cb6252-eae8-11ec-b2ef-0242ac110003', '66cf32eb-eae8-11ec-b2ef-0242ac110003', 'StartEvent_1', NULL, NULL, '开始', 'startEvent', NULL, '2022-06-13 15:14:01.985', '2022-06-13 15:14:01.999', 14, NULL, '');
INSERT INTO `act_hi_actinst` VALUES ('66d48a1d-eae8-11ec-b2ef-0242ac110003', 'meeting:1:b156eb4f-e8de-11ec-8449-0242ac110004', '66cb6252-eae8-11ec-b2ef-0242ac110003', '66cf32eb-eae8-11ec-b2ef-0242ac110003', 'UserTask_1', '66d59b8e-eae8-11ec-b2ef-0242ac110003', NULL, '创建会议', 'userTask', 'oVZt25eB6ENHvRmotxTguK9lP0ng', '2022-06-13 15:14:02.016', '2022-06-13 15:14:03.251', 1235, NULL, '');
INSERT INTO `act_hi_actinst` VALUES ('67912369-eae8-11ec-b2ef-0242ac110003', 'meeting:1:b156eb4f-e8de-11ec-8449-0242ac110004', '66cb6252-eae8-11ec-b2ef-0242ac110003', '66cf32eb-eae8-11ec-b2ef-0242ac110003', 'ExclusiveGateway_1', NULL, NULL, '判断创建者', 'exclusiveGateway', NULL, '2022-06-13 15:14:03.252', '2022-06-13 15:14:03.280', 28, NULL, '');
INSERT INTO `act_hi_actinst` VALUES ('6796c8ba-eae8-11ec-b2ef-0242ac110003', 'meeting:1:b156eb4f-e8de-11ec-8449-0242ac110004', '66cb6252-eae8-11ec-b2ef-0242ac110003', '66cf32eb-eae8-11ec-b2ef-0242ac110003', 'UserTask_2', '6796c8bb-eae8-11ec-b2ef-0242ac110003', NULL, '部门经理审批', 'userTask', '21', '2022-06-13 15:14:03.289', '2022-06-13 15:19:42.167', 338878, NULL, '');
INSERT INTO `act_hi_actinst` VALUES ('75566b2e-eae9-11ec-b2ef-0242ac110003', 'meeting:1:b156eb4f-e8de-11ec-8449-0242ac110004', '75564414-eae9-11ec-b2ef-0242ac110003', '75566b2d-eae9-11ec-b2ef-0242ac110003', 'StartEvent_1', NULL, NULL, '开始', 'startEvent', NULL, '2022-06-13 15:21:35.852', '2022-06-13 15:21:35.852', 0, NULL, '');
INSERT INTO `act_hi_actinst` VALUES ('75566b2f-eae9-11ec-b2ef-0242ac110003', 'meeting:1:b156eb4f-e8de-11ec-8449-0242ac110004', '75564414-eae9-11ec-b2ef-0242ac110003', '75566b2d-eae9-11ec-b2ef-0242ac110003', 'UserTask_1', '75566b30-eae9-11ec-b2ef-0242ac110003', NULL, '创建会议', 'userTask', 'oVZt25eB6ENHvRmotxTguK9lP0ng', '2022-06-13 15:21:35.852', '2022-06-13 15:21:36.061', 209, NULL, '');
INSERT INTO `act_hi_actinst` VALUES ('75764f4b-eae9-11ec-b2ef-0242ac110003', 'meeting:1:b156eb4f-e8de-11ec-8449-0242ac110004', '75564414-eae9-11ec-b2ef-0242ac110003', '75566b2d-eae9-11ec-b2ef-0242ac110003', 'ExclusiveGateway_1', NULL, NULL, '判断创建者', 'exclusiveGateway', NULL, '2022-06-13 15:21:36.061', '2022-06-13 15:21:36.061', 0, NULL, '');
INSERT INTO `act_hi_actinst` VALUES ('7576765c-eae9-11ec-b2ef-0242ac110003', 'meeting:1:b156eb4f-e8de-11ec-8449-0242ac110004', '75564414-eae9-11ec-b2ef-0242ac110003', '75566b2d-eae9-11ec-b2ef-0242ac110003', 'UserTask_2', '7576765d-eae9-11ec-b2ef-0242ac110003', NULL, '部门经理审批', 'userTask', '21', '2022-06-13 15:21:36.062', '2022-06-13 15:21:48.054', 11992, NULL, '');
INSERT INTO `act_hi_actinst` VALUES ('7c9c4bea-eae9-11ec-b2ef-0242ac110003', 'meeting:1:b156eb4f-e8de-11ec-8449-0242ac110004', '75564414-eae9-11ec-b2ef-0242ac110003', '75566b2d-eae9-11ec-b2ef-0242ac110003', 'ExclusiveGateway_2', NULL, NULL, '判断审批结果', 'exclusiveGateway', NULL, '2022-06-13 15:21:48.054', '2022-06-13 15:21:48.056', 2, NULL, '');
INSERT INTO `act_hi_actinst` VALUES ('7c9cc11b-eae9-11ec-b2ef-0242ac110003', 'meeting:1:b156eb4f-e8de-11ec-8449-0242ac110004', '75564414-eae9-11ec-b2ef-0242ac110003', '75566b2d-eae9-11ec-b2ef-0242ac110003', 'ServiceTask_1', NULL, NULL, '发送通知', 'serviceTask', NULL, '2022-06-13 15:21:48.057', '2022-06-13 15:21:48.137', 80, NULL, '');
INSERT INTO `act_hi_actinst` VALUES ('7ca91d2c-eae9-11ec-b2ef-0242ac110003', 'meeting:1:b156eb4f-e8de-11ec-8449-0242ac110004', '75564414-eae9-11ec-b2ef-0242ac110003', '75566b2d-eae9-11ec-b2ef-0242ac110003', 'EndEvent_1', NULL, NULL, '结束', 'endEvent', NULL, '2022-06-13 15:21:48.138', '2022-06-13 15:21:48.138', 0, NULL, '');
INSERT INTO `act_hi_actinst` VALUES ('8832fc56-eadc-11ec-b48e-0242ac110003', 'meeting:1:b156eb4f-e8de-11ec-8449-0242ac110004', '8828ea2c-eadc-11ec-b48e-0242ac110003', '8831c3d5-eadc-11ec-b48e-0242ac110003', 'StartEvent_1', NULL, NULL, '开始', 'startEvent', NULL, '2022-06-13 13:49:04.040', '2022-06-13 13:49:04.054', 14, NULL, '');
INSERT INTO `act_hi_actinst` VALUES ('883dd1c7-eadc-11ec-b48e-0242ac110003', 'meeting:1:b156eb4f-e8de-11ec-8449-0242ac110004', '8828ea2c-eadc-11ec-b48e-0242ac110003', '8831c3d5-eadc-11ec-b48e-0242ac110003', 'UserTask_1', '88460f28-eadc-11ec-b48e-0242ac110003', NULL, '创建会议', 'userTask', 'oVZt25eB6ENHvRmotxTguK9lP0ng', '2022-06-13 13:49:04.110', '2022-06-13 13:49:05.758', 1648, NULL, '');
INSERT INTO `act_hi_actinst` VALUES ('893a3333-eadc-11ec-b48e-0242ac110003', 'meeting:1:b156eb4f-e8de-11ec-8449-0242ac110004', '8828ea2c-eadc-11ec-b48e-0242ac110003', '8831c3d5-eadc-11ec-b48e-0242ac110003', 'ExclusiveGateway_1', NULL, NULL, '判断创建者', 'exclusiveGateway', NULL, '2022-06-13 13:49:05.764', '2022-06-13 13:49:05.853', 89, NULL, '');
INSERT INTO `act_hi_actinst` VALUES ('8949c394-eadc-11ec-b48e-0242ac110003', 'meeting:1:b156eb4f-e8de-11ec-8449-0242ac110004', '8828ea2c-eadc-11ec-b48e-0242ac110003', '8831c3d5-eadc-11ec-b48e-0242ac110003', 'UserTask_2', '8949eaa5-eadc-11ec-b48e-0242ac110003', NULL, '部门经理审批', 'userTask', '21', '2022-06-13 13:49:05.866', '2022-06-13 13:49:25.383', 19517, NULL, '');
INSERT INTO `act_hi_actinst` VALUES ('8a466068-eade-11ec-b48e-0242ac110003', 'meeting:1:b156eb4f-e8de-11ec-8449-0242ac110004', '8a46123e-eade-11ec-b48e-0242ac110003', '8a466067-eade-11ec-b48e-0242ac110003', 'StartEvent_1', NULL, NULL, '开始', 'startEvent', NULL, '2022-06-13 14:03:26.515', '2022-06-13 14:03:26.515', 0, NULL, '');
INSERT INTO `act_hi_actinst` VALUES ('8a468779-eade-11ec-b48e-0242ac110003', 'meeting:1:b156eb4f-e8de-11ec-8449-0242ac110004', '8a46123e-eade-11ec-b48e-0242ac110003', '8a466067-eade-11ec-b48e-0242ac110003', 'UserTask_1', '8a46877a-eade-11ec-b48e-0242ac110003', NULL, '创建会议', 'userTask', 'oVZt25eB6ENHvRmotxTguK9lP0ng', '2022-06-13 14:03:26.516', '2022-06-13 14:03:27.024', 508, NULL, '');
INSERT INTO `act_hi_actinst` VALUES ('8a94a785-eade-11ec-b48e-0242ac110003', 'meeting:1:b156eb4f-e8de-11ec-8449-0242ac110004', '8a46123e-eade-11ec-b48e-0242ac110003', '8a466067-eade-11ec-b48e-0242ac110003', 'ExclusiveGateway_1', NULL, NULL, '判断创建者', 'exclusiveGateway', NULL, '2022-06-13 14:03:27.028', '2022-06-13 14:03:27.029', 1, NULL, '');
INSERT INTO `act_hi_actinst` VALUES ('8a960716-eade-11ec-b48e-0242ac110003', 'meeting:1:b156eb4f-e8de-11ec-8449-0242ac110004', '8a46123e-eade-11ec-b48e-0242ac110003', '8a466067-eade-11ec-b48e-0242ac110003', 'UserTask_2', '8a962e27-eade-11ec-b48e-0242ac110003', NULL, '部门经理审批', 'userTask', '21', '2022-06-13 14:03:27.038', '2022-06-13 14:03:41.360', 14322, NULL, '');
INSERT INTO `act_hi_actinst` VALUES ('8fac1f09-f383-11ec-9a3b-0242ac110004', 'meeting:1:b156eb4f-e8de-11ec-8449-0242ac110004', '8fabd0df-f383-11ec-9a3b-0242ac110004', '8fac1f08-f383-11ec-9a3b-0242ac110004', 'StartEvent_1', NULL, NULL, '开始', 'startEvent', NULL, '2022-06-24 14:04:51.833', '2022-06-24 14:04:51.833', 0, NULL, '');
INSERT INTO `act_hi_actinst` VALUES ('8fac1f0a-f383-11ec-9a3b-0242ac110004', 'meeting:1:b156eb4f-e8de-11ec-8449-0242ac110004', '8fabd0df-f383-11ec-9a3b-0242ac110004', '8fac1f08-f383-11ec-9a3b-0242ac110004', 'UserTask_1', '8fac461b-f383-11ec-9a3b-0242ac110004', NULL, '创建会议', 'userTask', 'oVZt25eB6ENHvRmotxTguK9lP0ng', '2022-06-24 14:04:51.833', '2022-06-24 14:04:52.260', 427, NULL, '');
INSERT INTO `act_hi_actinst` VALUES ('8fed46c6-f383-11ec-9a3b-0242ac110004', 'meeting:1:b156eb4f-e8de-11ec-8449-0242ac110004', '8fabd0df-f383-11ec-9a3b-0242ac110004', '8fac1f08-f383-11ec-9a3b-0242ac110004', 'ExclusiveGateway_1', NULL, NULL, '判断创建者', 'exclusiveGateway', NULL, '2022-06-24 14:04:52.260', '2022-06-24 14:04:52.261', 1, NULL, '');
INSERT INTO `act_hi_actinst` VALUES ('8fee3127-f383-11ec-9a3b-0242ac110004', 'meeting:1:b156eb4f-e8de-11ec-8449-0242ac110004', '8fabd0df-f383-11ec-9a3b-0242ac110004', '8fac1f08-f383-11ec-9a3b-0242ac110004', 'UserTask_2', '8fee5838-f383-11ec-9a3b-0242ac110004', NULL, '部门经理审批', 'userTask', '21', '2022-06-24 14:04:52.266', '2022-06-24 14:05:03.393', 11127, NULL, '');
INSERT INTO `act_hi_actinst` VALUES ('931f8b54-eade-11ec-b48e-0242ac110003', 'meeting:1:b156eb4f-e8de-11ec-8449-0242ac110004', '8a46123e-eade-11ec-b48e-0242ac110003', '8a466067-eade-11ec-b48e-0242ac110003', 'ExclusiveGateway_2', NULL, NULL, '判断审批结果', 'exclusiveGateway', NULL, '2022-06-13 14:03:41.360', '2022-06-13 14:03:41.364', 4, NULL, '');
INSERT INTO `act_hi_actinst` VALUES ('9320c3d5-eade-11ec-b48e-0242ac110003', 'meeting:1:b156eb4f-e8de-11ec-8449-0242ac110004', '8a46123e-eade-11ec-b48e-0242ac110003', '8a466067-eade-11ec-b48e-0242ac110003', 'ServiceTask_1', NULL, NULL, '发送通知', 'serviceTask', NULL, '2022-06-13 14:03:41.368', '2022-06-13 14:03:41.643', 275, NULL, '');
INSERT INTO `act_hi_actinst` VALUES ('934ae116-eade-11ec-b48e-0242ac110003', 'meeting:1:b156eb4f-e8de-11ec-8449-0242ac110004', '8a46123e-eade-11ec-b48e-0242ac110003', '8a466067-eade-11ec-b48e-0242ac110003', 'EndEvent_1', NULL, NULL, '结束', 'endEvent', NULL, '2022-06-13 14:03:41.644', '2022-06-13 14:03:41.644', 0, NULL, '');
INSERT INTO `act_hi_actinst` VALUES ('94ebd172-eadc-11ec-b48e-0242ac110003', 'meeting:1:b156eb4f-e8de-11ec-8449-0242ac110004', '8828ea2c-eadc-11ec-b48e-0242ac110003', '8831c3d5-eadc-11ec-b48e-0242ac110003', 'ExclusiveGateway_2', NULL, NULL, '判断审批结果', 'exclusiveGateway', NULL, '2022-06-13 13:49:25.383', '2022-06-13 13:49:25.388', 5, NULL, '');
INSERT INTO `act_hi_actinst` VALUES ('94eda633-eadc-11ec-b48e-0242ac110003', 'meeting:1:b156eb4f-e8de-11ec-8449-0242ac110004', '8828ea2c-eadc-11ec-b48e-0242ac110003', '8831c3d5-eadc-11ec-b48e-0242ac110003', 'ServiceTask_1', NULL, NULL, '发送通知', 'serviceTask', NULL, '2022-06-13 13:49:25.395', '2022-06-13 13:49:25.630', 235, NULL, '');
INSERT INTO `act_hi_actinst` VALUES ('951181e4-eadc-11ec-b48e-0242ac110003', 'meeting:1:b156eb4f-e8de-11ec-8449-0242ac110004', '8828ea2c-eadc-11ec-b48e-0242ac110003', '8831c3d5-eadc-11ec-b48e-0242ac110003', 'EndEvent_1', NULL, NULL, '结束', 'endEvent', NULL, '2022-06-13 13:49:25.630', '2022-06-13 13:49:25.631', 1, NULL, '');
INSERT INTO `act_hi_actinst` VALUES ('9679b497-e995-11ec-90db-0242ac110002', 'meeting:1:b156eb4f-e8de-11ec-8449-0242ac110004', '51878131-e990-11ec-90db-0242ac110002', '5187a84a-e990-11ec-90db-0242ac110002', 'ExclusiveGateway_2', NULL, NULL, '判断审批结果', 'exclusiveGateway', NULL, '2022-06-11 22:48:42.560', '2022-06-11 22:48:42.561', 1, NULL, '');
INSERT INTO `act_hi_actinst` VALUES ('967a02b8-e995-11ec-90db-0242ac110002', 'meeting:1:b156eb4f-e8de-11ec-8449-0242ac110004', '51878131-e990-11ec-90db-0242ac110002', '5187a84a-e990-11ec-90db-0242ac110002', 'ServiceTask_1', NULL, NULL, '发送通知', 'serviceTask', NULL, '2022-06-11 22:48:42.562', '2022-06-11 22:48:42.798', 236, NULL, '');
INSERT INTO `act_hi_actinst` VALUES ('969030b5-f383-11ec-9a3b-0242ac110004', 'meeting:1:b156eb4f-e8de-11ec-8449-0242ac110004', '8fabd0df-f383-11ec-9a3b-0242ac110004', '8fac1f08-f383-11ec-9a3b-0242ac110004', 'ExclusiveGateway_2', NULL, NULL, '判断审批结果', 'exclusiveGateway', NULL, '2022-06-24 14:05:03.394', '2022-06-24 14:05:03.417', 23, NULL, '');
INSERT INTO `act_hi_actinst` VALUES ('969539c6-f383-11ec-9a3b-0242ac110004', 'meeting:1:b156eb4f-e8de-11ec-8449-0242ac110004', '8fabd0df-f383-11ec-9a3b-0242ac110004', '8fac1f08-f383-11ec-9a3b-0242ac110004', 'ServiceTask_1', NULL, NULL, '发送通知', 'serviceTask', NULL, '2022-06-24 14:05:03.427', '2022-06-24 14:05:03.800', 373, NULL, '');
INSERT INTO `act_hi_actinst` VALUES ('969e0579-e995-11ec-90db-0242ac110002', 'meeting:1:b156eb4f-e8de-11ec-8449-0242ac110004', '51878131-e990-11ec-90db-0242ac110002', '5187a84a-e990-11ec-90db-0242ac110002', 'EndEvent_1', NULL, NULL, '结束', 'endEvent', NULL, '2022-06-11 22:48:42.798', '2022-06-11 22:48:42.798', 0, NULL, '');
INSERT INTO `act_hi_actinst` VALUES ('96ce4b27-f383-11ec-9a3b-0242ac110004', 'meeting:1:b156eb4f-e8de-11ec-8449-0242ac110004', '8fabd0df-f383-11ec-9a3b-0242ac110004', '8fac1f08-f383-11ec-9a3b-0242ac110004', 'EndEvent_1', NULL, NULL, '结束', 'endEvent', NULL, '2022-06-24 14:05:03.801', '2022-06-24 14:05:03.801', 0, NULL, '');
INSERT INTO `act_hi_actinst` VALUES ('a7c1699c-eaea-11ec-ae0d-0242ac110003', 'meeting:1:b156eb4f-e8de-11ec-8449-0242ac110004', 'a7beaa72-eaea-11ec-ae0d-0242ac110003', 'a7c11b7b-eaea-11ec-ae0d-0242ac110003', 'StartEvent_1', NULL, NULL, '开始', 'startEvent', NULL, '2022-06-13 15:30:09.936', '2022-06-13 15:30:09.945', 9, NULL, '');
INSERT INTO `act_hi_actinst` VALUES ('a7c428bd-eaea-11ec-ae0d-0242ac110003', 'meeting:1:b156eb4f-e8de-11ec-8449-0242ac110004', 'a7beaa72-eaea-11ec-ae0d-0242ac110003', 'a7c11b7b-eaea-11ec-ae0d-0242ac110003', 'UserTask_1', 'a7c5af5e-eaea-11ec-ae0d-0242ac110003', NULL, '创建会议', 'userTask', 'oVZt25eB6ENHvRmotxTguK9lP0ng', '2022-06-13 15:30:09.955', '2022-06-13 15:30:10.327', 372, NULL, '');
INSERT INTO `act_hi_actinst` VALUES ('a7fd1319-eaea-11ec-ae0d-0242ac110003', 'meeting:1:b156eb4f-e8de-11ec-8449-0242ac110004', 'a7beaa72-eaea-11ec-ae0d-0242ac110003', 'a7c11b7b-eaea-11ec-ae0d-0242ac110003', 'ExclusiveGateway_1', NULL, NULL, '判断创建者', 'exclusiveGateway', NULL, '2022-06-13 15:30:10.327', '2022-06-13 15:30:10.339', 12, NULL, '');
INSERT INTO `act_hi_actinst` VALUES ('a7ffd23a-eaea-11ec-ae0d-0242ac110003', 'meeting:1:b156eb4f-e8de-11ec-8449-0242ac110004', 'a7beaa72-eaea-11ec-ae0d-0242ac110003', 'a7c11b7b-eaea-11ec-ae0d-0242ac110003', 'UserTask_2', 'a7fff94b-eaea-11ec-ae0d-0242ac110003', NULL, '部门经理审批', 'userTask', '21', '2022-06-13 15:30:10.345', '2022-06-13 15:30:21.115', 10770, NULL, '');
INSERT INTO `act_hi_actinst` VALUES ('ae6b3168-eaea-11ec-ae0d-0242ac110003', 'meeting:1:b156eb4f-e8de-11ec-8449-0242ac110004', 'a7beaa72-eaea-11ec-ae0d-0242ac110003', 'a7c11b7b-eaea-11ec-ae0d-0242ac110003', 'ExclusiveGateway_2', NULL, NULL, '判断审批结果', 'exclusiveGateway', NULL, '2022-06-13 15:30:21.115', '2022-06-13 15:30:21.122', 7, NULL, '');
INSERT INTO `act_hi_actinst` VALUES ('ae6c90f9-eaea-11ec-ae0d-0242ac110003', 'meeting:1:b156eb4f-e8de-11ec-8449-0242ac110004', 'a7beaa72-eaea-11ec-ae0d-0242ac110003', 'a7c11b7b-eaea-11ec-ae0d-0242ac110003', 'ServiceTask_1', NULL, NULL, '发送通知', 'serviceTask', NULL, '2022-06-13 15:30:21.124', '2022-06-13 15:30:21.303', 179, NULL, '');
INSERT INTO `act_hi_actinst` VALUES ('ae87e12a-eaea-11ec-ae0d-0242ac110003', 'meeting:1:b156eb4f-e8de-11ec-8449-0242ac110004', 'a7beaa72-eaea-11ec-ae0d-0242ac110003', 'a7c11b7b-eaea-11ec-ae0d-0242ac110003', 'EndEvent_1', NULL, NULL, '结束', 'endEvent', NULL, '2022-06-13 15:30:21.303', '2022-06-13 15:30:21.303', 0, NULL, '');
INSERT INTO `act_hi_actinst` VALUES ('ef2865bb-f383-11ec-9a3b-0242ac110004', 'meeting:1:b156eb4f-e8de-11ec-8449-0242ac110004', 'ef27f081-f383-11ec-9a3b-0242ac110004', 'ef2865ba-f383-11ec-9a3b-0242ac110004', 'StartEvent_1', NULL, NULL, '开始', 'startEvent', NULL, '2022-06-24 14:07:32.031', '2022-06-24 14:07:32.031', 0, NULL, '');
INSERT INTO `act_hi_actinst` VALUES ('ef288ccc-f383-11ec-9a3b-0242ac110004', 'meeting:1:b156eb4f-e8de-11ec-8449-0242ac110004', 'ef27f081-f383-11ec-9a3b-0242ac110004', 'ef2865ba-f383-11ec-9a3b-0242ac110004', 'UserTask_1', 'ef288ccd-f383-11ec-9a3b-0242ac110004', NULL, '创建会议', 'userTask', 'oVZt25eB6ENHvRmotxTguK9lP0ng', '2022-06-24 14:07:32.032', '2022-06-24 14:07:32.293', 261, NULL, '');
INSERT INTO `act_hi_actinst` VALUES ('ef508738-f383-11ec-9a3b-0242ac110004', 'meeting:1:b156eb4f-e8de-11ec-8449-0242ac110004', 'ef27f081-f383-11ec-9a3b-0242ac110004', 'ef2865ba-f383-11ec-9a3b-0242ac110004', 'ExclusiveGateway_1', NULL, NULL, '判断创建者', 'exclusiveGateway', NULL, '2022-06-24 14:07:32.294', '2022-06-24 14:07:32.294', 0, NULL, '');
INSERT INTO `act_hi_actinst` VALUES ('ef51bfb9-f383-11ec-9a3b-0242ac110004', 'meeting:1:b156eb4f-e8de-11ec-8449-0242ac110004', 'ef27f081-f383-11ec-9a3b-0242ac110004', 'ef2865ba-f383-11ec-9a3b-0242ac110004', 'UserTask_2', 'ef51e6ca-f383-11ec-9a3b-0242ac110004', NULL, '部门经理审批', 'userTask', '21', '2022-06-24 14:07:32.302', '2022-06-24 14:07:54.659', 22357, NULL, '');
INSERT INTO `act_hi_actinst` VALUES ('fca52817-f383-11ec-9a3b-0242ac110004', 'meeting:1:b156eb4f-e8de-11ec-8449-0242ac110004', 'ef27f081-f383-11ec-9a3b-0242ac110004', 'ef2865ba-f383-11ec-9a3b-0242ac110004', 'ExclusiveGateway_2', NULL, NULL, '判断审批结果', 'exclusiveGateway', NULL, '2022-06-24 14:07:54.659', '2022-06-24 14:07:54.666', 7, NULL, '');
INSERT INTO `act_hi_actinst` VALUES ('fca687a8-f383-11ec-9a3b-0242ac110004', 'meeting:1:b156eb4f-e8de-11ec-8449-0242ac110004', 'ef27f081-f383-11ec-9a3b-0242ac110004', 'ef2865ba-f383-11ec-9a3b-0242ac110004', 'ServiceTask_1', NULL, NULL, '发送通知', 'serviceTask', NULL, '2022-06-24 14:07:54.668', '2022-06-24 14:07:54.888', 220, NULL, '');
INSERT INTO `act_hi_actinst` VALUES ('fcc84079-f383-11ec-9a3b-0242ac110004', 'meeting:1:b156eb4f-e8de-11ec-8449-0242ac110004', 'ef27f081-f383-11ec-9a3b-0242ac110004', 'ef2865ba-f383-11ec-9a3b-0242ac110004', 'EndEvent_1', NULL, NULL, '结束', 'endEvent', NULL, '2022-06-24 14:07:54.889', '2022-06-24 14:07:54.889', 0, NULL, '');

-- ----------------------------
-- Table structure for act_hi_attachment
-- ----------------------------
DROP TABLE IF EXISTS `act_hi_attachment`;
CREATE TABLE `act_hi_attachment`  (
  `ID_` varchar(64) CHARACTER SET utf8 COLLATE utf8_bin NOT NULL,
  `REV_` int(11) NULL DEFAULT NULL,
  `USER_ID_` varchar(255) CHARACTER SET utf8 COLLATE utf8_bin NULL DEFAULT NULL,
  `NAME_` varchar(255) CHARACTER SET utf8 COLLATE utf8_bin NULL DEFAULT NULL,
  `DESCRIPTION_` varchar(4000) CHARACTER SET utf8 COLLATE utf8_bin NULL DEFAULT NULL,
  `TYPE_` varchar(255) CHARACTER SET utf8 COLLATE utf8_bin NULL DEFAULT NULL,
  `TASK_ID_` varchar(64) CHARACTER SET utf8 COLLATE utf8_bin NULL DEFAULT NULL,
  `PROC_INST_ID_` varchar(64) CHARACTER SET utf8 COLLATE utf8_bin NULL DEFAULT NULL,
  `URL_` varchar(4000) CHARACTER SET utf8 COLLATE utf8_bin NULL DEFAULT NULL,
  `CONTENT_ID_` varchar(64) CHARACTER SET utf8 COLLATE utf8_bin NULL DEFAULT NULL,
  `TIME_` datetime(3) NULL DEFAULT NULL,
  PRIMARY KEY (`ID_`) USING BTREE
) ENGINE = InnoDB CHARACTER SET = utf8 COLLATE = utf8_bin ROW_FORMAT = Dynamic;

-- ----------------------------
-- Records of act_hi_attachment
-- ----------------------------

-- ----------------------------
-- Table structure for act_hi_comment
-- ----------------------------
DROP TABLE IF EXISTS `act_hi_comment`;
CREATE TABLE `act_hi_comment`  (
  `ID_` varchar(64) CHARACTER SET utf8 COLLATE utf8_bin NOT NULL,
  `TYPE_` varchar(255) CHARACTER SET utf8 COLLATE utf8_bin NULL DEFAULT NULL,
  `TIME_` datetime(3) NOT NULL,
  `USER_ID_` varchar(255) CHARACTER SET utf8 COLLATE utf8_bin NULL DEFAULT NULL,
  `TASK_ID_` varchar(64) CHARACTER SET utf8 COLLATE utf8_bin NULL DEFAULT NULL,
  `PROC_INST_ID_` varchar(64) CHARACTER SET utf8 COLLATE utf8_bin NULL DEFAULT NULL,
  `ACTION_` varchar(255) CHARACTER SET utf8 COLLATE utf8_bin NULL DEFAULT NULL,
  `MESSAGE_` varchar(4000) CHARACTER SET utf8 COLLATE utf8_bin NULL DEFAULT NULL,
  `FULL_MSG_` longblob NULL,
  PRIMARY KEY (`ID_`) USING BTREE
) ENGINE = InnoDB CHARACTER SET = utf8 COLLATE = utf8_bin ROW_FORMAT = Dynamic;

-- ----------------------------
-- Records of act_hi_comment
-- ----------------------------

-- ----------------------------
-- Table structure for act_hi_detail
-- ----------------------------
DROP TABLE IF EXISTS `act_hi_detail`;
CREATE TABLE `act_hi_detail`  (
  `ID_` varchar(64) CHARACTER SET utf8 COLLATE utf8_bin NOT NULL,
  `TYPE_` varchar(255) CHARACTER SET utf8 COLLATE utf8_bin NOT NULL,
  `PROC_INST_ID_` varchar(64) CHARACTER SET utf8 COLLATE utf8_bin NULL DEFAULT NULL,
  `EXECUTION_ID_` varchar(64) CHARACTER SET utf8 COLLATE utf8_bin NULL DEFAULT NULL,
  `TASK_ID_` varchar(64) CHARACTER SET utf8 COLLATE utf8_bin NULL DEFAULT NULL,
  `ACT_INST_ID_` varchar(64) CHARACTER SET utf8 COLLATE utf8_bin NULL DEFAULT NULL,
  `NAME_` varchar(255) CHARACTER SET utf8 COLLATE utf8_bin NOT NULL,
  `VAR_TYPE_` varchar(255) CHARACTER SET utf8 COLLATE utf8_bin NULL DEFAULT NULL,
  `REV_` int(11) NULL DEFAULT NULL,
  `TIME_` datetime(3) NOT NULL,
  `BYTEARRAY_ID_` varchar(64) CHARACTER SET utf8 COLLATE utf8_bin NULL DEFAULT NULL,
  `DOUBLE_` double NULL DEFAULT NULL,
  `LONG_` bigint(20) NULL DEFAULT NULL,
  `TEXT_` varchar(4000) CHARACTER SET utf8 COLLATE utf8_bin NULL DEFAULT NULL,
  `TEXT2_` varchar(4000) CHARACTER SET utf8 COLLATE utf8_bin NULL DEFAULT NULL,
  PRIMARY KEY (`ID_`) USING BTREE,
  INDEX `ACT_IDX_HI_DETAIL_PROC_INST`(`PROC_INST_ID_`) USING BTREE,
  INDEX `ACT_IDX_HI_DETAIL_ACT_INST`(`ACT_INST_ID_`) USING BTREE,
  INDEX `ACT_IDX_HI_DETAIL_TIME`(`TIME_`) USING BTREE,
  INDEX `ACT_IDX_HI_DETAIL_NAME`(`NAME_`) USING BTREE,
  INDEX `ACT_IDX_HI_DETAIL_TASK_ID`(`TASK_ID_`) USING BTREE
) ENGINE = InnoDB CHARACTER SET = utf8 COLLATE = utf8_bin ROW_FORMAT = Dynamic;

-- ----------------------------
-- Records of act_hi_detail
-- ----------------------------

-- ----------------------------
-- Table structure for act_hi_identitylink
-- ----------------------------
DROP TABLE IF EXISTS `act_hi_identitylink`;
CREATE TABLE `act_hi_identitylink`  (
  `ID_` varchar(64) CHARACTER SET utf8 COLLATE utf8_bin NOT NULL,
  `GROUP_ID_` varchar(255) CHARACTER SET utf8 COLLATE utf8_bin NULL DEFAULT NULL,
  `TYPE_` varchar(255) CHARACTER SET utf8 COLLATE utf8_bin NULL DEFAULT NULL,
  `USER_ID_` varchar(255) CHARACTER SET utf8 COLLATE utf8_bin NULL DEFAULT NULL,
  `TASK_ID_` varchar(64) CHARACTER SET utf8 COLLATE utf8_bin NULL DEFAULT NULL,
  `PROC_INST_ID_` varchar(64) CHARACTER SET utf8 COLLATE utf8_bin NULL DEFAULT NULL,
  PRIMARY KEY (`ID_`) USING BTREE,
  INDEX `ACT_IDX_HI_IDENT_LNK_USER`(`USER_ID_`) USING BTREE,
  INDEX `ACT_IDX_HI_IDENT_LNK_TASK`(`TASK_ID_`) USING BTREE,
  INDEX `ACT_IDX_HI_IDENT_LNK_PROCINST`(`PROC_INST_ID_`) USING BTREE
) ENGINE = InnoDB CHARACTER SET = utf8 COLLATE = utf8_bin ROW_FORMAT = Dynamic;

-- ----------------------------
-- Records of act_hi_identitylink
-- ----------------------------
INSERT INTO `act_hi_identitylink` VALUES ('24235eab-eae9-11ec-b2ef-0242ac110003', NULL, 'participant', 'oVZt25eB6ENHvRmotxTguK9lP0ng', NULL, '24197386-eae9-11ec-b2ef-0242ac110003');
INSERT INTO `act_hi_identitylink` VALUES ('2467e1c9-eae9-11ec-b2ef-0242ac110003', NULL, 'participant', '21', NULL, '24197386-eae9-11ec-b2ef-0242ac110003');
INSERT INTO `act_hi_identitylink` VALUES ('3c89ab6a-eadd-11ec-b48e-0242ac110003', NULL, 'participant', 'oVZt25eB6ENHvRmotxTguK9lP0ng', NULL, '3c890f15-eadd-11ec-b48e-0242ac110003');
INSERT INTO `act_hi_identitylink` VALUES ('3cba0a48-eadd-11ec-b48e-0242ac110003', NULL, 'participant', '21', NULL, '3c890f15-eadd-11ec-b48e-0242ac110003');
INSERT INTO `act_hi_identitylink` VALUES ('5189cb36-e990-11ec-90db-0242ac110002', NULL, 'participant', 'oVZt25eB6ENHvRmotxTguK9lP0ng', NULL, '51878131-e990-11ec-90db-0242ac110002');
INSERT INTO `act_hi_identitylink` VALUES ('519e3da4-e990-11ec-90db-0242ac110002', NULL, 'participant', '21', NULL, '51878131-e990-11ec-90db-0242ac110002');
INSERT INTO `act_hi_identitylink` VALUES ('66d77057-eae8-11ec-b2ef-0242ac110003', NULL, 'participant', 'oVZt25eB6ENHvRmotxTguK9lP0ng', NULL, '66cb6252-eae8-11ec-b2ef-0242ac110003');
INSERT INTO `act_hi_identitylink` VALUES ('67987675-eae8-11ec-b2ef-0242ac110003', NULL, 'participant', '21', NULL, '66cb6252-eae8-11ec-b2ef-0242ac110003');
INSERT INTO `act_hi_identitylink` VALUES ('75572e89-eae9-11ec-b2ef-0242ac110003', NULL, 'participant', 'oVZt25eB6ENHvRmotxTguK9lP0ng', NULL, '75564414-eae9-11ec-b2ef-0242ac110003');
INSERT INTO `act_hi_identitylink` VALUES ('7576eb97-eae9-11ec-b2ef-0242ac110003', NULL, 'participant', '21', NULL, '75564414-eae9-11ec-b2ef-0242ac110003');
INSERT INTO `act_hi_identitylink` VALUES ('884f5e01-eadc-11ec-b48e-0242ac110003', NULL, 'participant', 'oVZt25eB6ENHvRmotxTguK9lP0ng', NULL, '8828ea2c-eadc-11ec-b48e-0242ac110003');
INSERT INTO `act_hi_identitylink` VALUES ('894c82bf-eadc-11ec-b48e-0242ac110003', NULL, 'participant', '21', NULL, '8828ea2c-eadc-11ec-b48e-0242ac110003');
INSERT INTO `act_hi_identitylink` VALUES ('8a47c003-eade-11ec-b48e-0242ac110003', NULL, 'participant', 'oVZt25eB6ENHvRmotxTguK9lP0ng', NULL, '8a46123e-eade-11ec-b48e-0242ac110003');
INSERT INTO `act_hi_identitylink` VALUES ('8a9c6fc1-eade-11ec-b48e-0242ac110003', NULL, 'participant', '21', NULL, '8a46123e-eade-11ec-b48e-0242ac110003');
INSERT INTO `act_hi_identitylink` VALUES ('8face264-f383-11ec-9a3b-0242ac110004', NULL, 'participant', 'oVZt25eB6ENHvRmotxTguK9lP0ng', NULL, '8fabd0df-f383-11ec-9a3b-0242ac110004');
INSERT INTO `act_hi_identitylink` VALUES ('8ff38862-f383-11ec-9a3b-0242ac110004', NULL, 'participant', '21', NULL, '8fabd0df-f383-11ec-9a3b-0242ac110004');
INSERT INTO `act_hi_identitylink` VALUES ('a7c64ba7-eaea-11ec-ae0d-0242ac110003', NULL, 'participant', 'oVZt25eB6ENHvRmotxTguK9lP0ng', NULL, 'a7beaa72-eaea-11ec-ae0d-0242ac110003');
INSERT INTO `act_hi_identitylink` VALUES ('a8017ff5-eaea-11ec-ae0d-0242ac110003', NULL, 'participant', '21', NULL, 'a7beaa72-eaea-11ec-ae0d-0242ac110003');
INSERT INTO `act_hi_identitylink` VALUES ('ef2afdd6-f383-11ec-9a3b-0242ac110004', NULL, 'participant', 'oVZt25eB6ENHvRmotxTguK9lP0ng', NULL, 'ef27f081-f383-11ec-9a3b-0242ac110004');
INSERT INTO `act_hi_identitylink` VALUES ('ef54f414-f383-11ec-9a3b-0242ac110004', NULL, 'participant', '21', NULL, 'ef27f081-f383-11ec-9a3b-0242ac110004');

-- ----------------------------
-- Table structure for act_hi_procinst
-- ----------------------------
DROP TABLE IF EXISTS `act_hi_procinst`;
CREATE TABLE `act_hi_procinst`  (
  `ID_` varchar(64) CHARACTER SET utf8 COLLATE utf8_bin NOT NULL,
  `PROC_INST_ID_` varchar(64) CHARACTER SET utf8 COLLATE utf8_bin NOT NULL,
  `BUSINESS_KEY_` varchar(255) CHARACTER SET utf8 COLLATE utf8_bin NULL DEFAULT NULL,
  `PROC_DEF_ID_` varchar(64) CHARACTER SET utf8 COLLATE utf8_bin NOT NULL,
  `START_TIME_` datetime(3) NOT NULL,
  `END_TIME_` datetime(3) NULL DEFAULT NULL,
  `DURATION_` bigint(20) NULL DEFAULT NULL,
  `START_USER_ID_` varchar(255) CHARACTER SET utf8 COLLATE utf8_bin NULL DEFAULT NULL,
  `START_ACT_ID_` varchar(255) CHARACTER SET utf8 COLLATE utf8_bin NULL DEFAULT NULL,
  `END_ACT_ID_` varchar(255) CHARACTER SET utf8 COLLATE utf8_bin NULL DEFAULT NULL,
  `SUPER_PROCESS_INSTANCE_ID_` varchar(64) CHARACTER SET utf8 COLLATE utf8_bin NULL DEFAULT NULL,
  `DELETE_REASON_` varchar(4000) CHARACTER SET utf8 COLLATE utf8_bin NULL DEFAULT NULL,
  `TENANT_ID_` varchar(255) CHARACTER SET utf8 COLLATE utf8_bin NULL DEFAULT '',
  `NAME_` varchar(255) CHARACTER SET utf8 COLLATE utf8_bin NULL DEFAULT NULL,
  PRIMARY KEY (`ID_`) USING BTREE,
  UNIQUE INDEX `PROC_INST_ID_`(`PROC_INST_ID_`) USING BTREE,
  INDEX `ACT_IDX_HI_PRO_INST_END`(`END_TIME_`) USING BTREE,
  INDEX `ACT_IDX_HI_PRO_I_BUSKEY`(`BUSINESS_KEY_`) USING BTREE
) ENGINE = InnoDB CHARACTER SET = utf8 COLLATE = utf8_bin ROW_FORMAT = Dynamic;

-- ----------------------------
-- Records of act_hi_procinst
-- ----------------------------
INSERT INTO `act_hi_procinst` VALUES ('24197386-eae9-11ec-b2ef-0242ac110003', '24197386-eae9-11ec-b2ef-0242ac110003', NULL, 'meeting:1:b156eb4f-e8de-11ec-8449-0242ac110004', '2022-06-13 15:19:19.557', '2022-06-13 15:19:35.076', 15519, NULL, 'StartEvent_1', 'EndEvent_1', NULL, NULL, '', NULL);
INSERT INTO `act_hi_procinst` VALUES ('3c890f15-eadd-11ec-b48e-0242ac110003', '3c890f15-eadd-11ec-b48e-0242ac110003', NULL, 'meeting:1:b156eb4f-e8de-11ec-8449-0242ac110004', '2022-06-13 13:54:06.593', '2022-06-13 13:54:24.545', 17952, NULL, 'StartEvent_1', 'EndEvent_1', NULL, NULL, '', NULL);
INSERT INTO `act_hi_procinst` VALUES ('51878131-e990-11ec-90db-0242ac110002', '51878131-e990-11ec-90db-0242ac110002', NULL, 'meeting:1:b156eb4f-e8de-11ec-8449-0242ac110004', '2022-06-11 22:10:59.404', '2022-06-11 22:48:42.840', 2263436, NULL, 'StartEvent_1', 'EndEvent_1', NULL, NULL, '', NULL);
INSERT INTO `act_hi_procinst` VALUES ('66cb6252-eae8-11ec-b2ef-0242ac110003', '66cb6252-eae8-11ec-b2ef-0242ac110003', NULL, 'meeting:1:b156eb4f-e8de-11ec-8449-0242ac110004', '2022-06-13 15:14:01.956', '2022-06-13 15:19:42.770', 340814, NULL, 'StartEvent_1', 'EndEvent_1', NULL, NULL, '', NULL);
INSERT INTO `act_hi_procinst` VALUES ('75564414-eae9-11ec-b2ef-0242ac110003', '75564414-eae9-11ec-b2ef-0242ac110003', NULL, 'meeting:1:b156eb4f-e8de-11ec-8449-0242ac110004', '2022-06-13 15:21:35.851', '2022-06-13 15:21:48.175', 12324, NULL, 'StartEvent_1', 'EndEvent_1', NULL, NULL, '', NULL);
INSERT INTO `act_hi_procinst` VALUES ('8828ea2c-eadc-11ec-b48e-0242ac110003', '8828ea2c-eadc-11ec-b48e-0242ac110003', NULL, 'meeting:1:b156eb4f-e8de-11ec-8449-0242ac110004', '2022-06-13 13:49:03.973', '2022-06-13 13:49:25.741', 21768, NULL, 'StartEvent_1', 'EndEvent_1', NULL, NULL, '', NULL);
INSERT INTO `act_hi_procinst` VALUES ('8a46123e-eade-11ec-b48e-0242ac110003', '8a46123e-eade-11ec-b48e-0242ac110003', NULL, 'meeting:1:b156eb4f-e8de-11ec-8449-0242ac110004', '2022-06-13 14:03:26.513', '2022-06-13 14:03:41.770', 15257, NULL, 'StartEvent_1', 'EndEvent_1', NULL, NULL, '', NULL);
INSERT INTO `act_hi_procinst` VALUES ('8fabd0df-f383-11ec-9a3b-0242ac110004', '8fabd0df-f383-11ec-9a3b-0242ac110004', NULL, 'meeting:1:b156eb4f-e8de-11ec-8449-0242ac110004', '2022-06-24 14:04:51.831', '2022-06-24 14:05:03.934', 12103, NULL, 'StartEvent_1', 'EndEvent_1', NULL, NULL, '', NULL);
INSERT INTO `act_hi_procinst` VALUES ('a7beaa72-eaea-11ec-ae0d-0242ac110003', 'a7beaa72-eaea-11ec-ae0d-0242ac110003', NULL, 'meeting:1:b156eb4f-e8de-11ec-8449-0242ac110004', '2022-06-13 15:30:09.918', '2022-06-13 15:30:21.379', 11461, NULL, 'StartEvent_1', 'EndEvent_1', NULL, NULL, '', NULL);
INSERT INTO `act_hi_procinst` VALUES ('ef27f081-f383-11ec-9a3b-0242ac110004', 'ef27f081-f383-11ec-9a3b-0242ac110004', NULL, 'meeting:1:b156eb4f-e8de-11ec-8449-0242ac110004', '2022-06-24 14:07:32.028', '2022-06-24 14:07:54.961', 22933, NULL, 'StartEvent_1', 'EndEvent_1', NULL, NULL, '', NULL);

-- ----------------------------
-- Table structure for act_hi_taskinst
-- ----------------------------
DROP TABLE IF EXISTS `act_hi_taskinst`;
CREATE TABLE `act_hi_taskinst`  (
  `ID_` varchar(64) CHARACTER SET utf8 COLLATE utf8_bin NOT NULL,
  `PROC_DEF_ID_` varchar(64) CHARACTER SET utf8 COLLATE utf8_bin NULL DEFAULT NULL,
  `TASK_DEF_KEY_` varchar(255) CHARACTER SET utf8 COLLATE utf8_bin NULL DEFAULT NULL,
  `PROC_INST_ID_` varchar(64) CHARACTER SET utf8 COLLATE utf8_bin NULL DEFAULT NULL,
  `EXECUTION_ID_` varchar(64) CHARACTER SET utf8 COLLATE utf8_bin NULL DEFAULT NULL,
  `NAME_` varchar(255) CHARACTER SET utf8 COLLATE utf8_bin NULL DEFAULT NULL,
  `PARENT_TASK_ID_` varchar(64) CHARACTER SET utf8 COLLATE utf8_bin NULL DEFAULT NULL,
  `DESCRIPTION_` varchar(4000) CHARACTER SET utf8 COLLATE utf8_bin NULL DEFAULT NULL,
  `OWNER_` varchar(255) CHARACTER SET utf8 COLLATE utf8_bin NULL DEFAULT NULL,
  `ASSIGNEE_` varchar(255) CHARACTER SET utf8 COLLATE utf8_bin NULL DEFAULT NULL,
  `START_TIME_` datetime(3) NOT NULL,
  `CLAIM_TIME_` datetime(3) NULL DEFAULT NULL,
  `END_TIME_` datetime(3) NULL DEFAULT NULL,
  `DURATION_` bigint(20) NULL DEFAULT NULL,
  `DELETE_REASON_` varchar(4000) CHARACTER SET utf8 COLLATE utf8_bin NULL DEFAULT NULL,
  `PRIORITY_` int(11) NULL DEFAULT NULL,
  `DUE_DATE_` datetime(3) NULL DEFAULT NULL,
  `FORM_KEY_` varchar(255) CHARACTER SET utf8 COLLATE utf8_bin NULL DEFAULT NULL,
  `CATEGORY_` varchar(255) CHARACTER SET utf8 COLLATE utf8_bin NULL DEFAULT NULL,
  `TENANT_ID_` varchar(255) CHARACTER SET utf8 COLLATE utf8_bin NULL DEFAULT '',
  PRIMARY KEY (`ID_`) USING BTREE,
  INDEX `ACT_IDX_HI_TASK_INST_PROCINST`(`PROC_INST_ID_`) USING BTREE
) ENGINE = InnoDB CHARACTER SET = utf8 COLLATE = utf8_bin ROW_FORMAT = Dynamic;

-- ----------------------------
-- Records of act_hi_taskinst
-- ----------------------------
INSERT INTO `act_hi_taskinst` VALUES ('24202a52-eae9-11ec-b2ef-0242ac110003', 'meeting:1:b156eb4f-e8de-11ec-8449-0242ac110004', 'UserTask_1', '24197386-eae9-11ec-b2ef-0242ac110003', '241fdc2f-eae9-11ec-b2ef-0242ac110003', '创建会议', NULL, NULL, NULL, 'oVZt25eB6ENHvRmotxTguK9lP0ng', '2022-06-13 15:19:19.601', NULL, '2022-06-13 15:19:20.046', 445, NULL, 50, NULL, NULL, NULL, '');
INSERT INTO `act_hi_taskinst` VALUES ('2466340f-eae9-11ec-b2ef-0242ac110003', 'meeting:1:b156eb4f-e8de-11ec-8449-0242ac110004', 'UserTask_2', '24197386-eae9-11ec-b2ef-0242ac110003', '241fdc2f-eae9-11ec-b2ef-0242ac110003', '部门经理审批', NULL, NULL, NULL, '21', '2022-06-13 15:19:20.060', NULL, '2022-06-13 15:19:33.689', 13629, NULL, 50, NULL, NULL, NULL, '');
INSERT INTO `act_hi_taskinst` VALUES ('3c893631-eadd-11ec-b48e-0242ac110003', 'meeting:1:b156eb4f-e8de-11ec-8449-0242ac110004', 'UserTask_1', '3c890f15-eadd-11ec-b48e-0242ac110003', '3c89362e-eadd-11ec-b48e-0242ac110003', '创建会议', NULL, NULL, NULL, 'oVZt25eB6ENHvRmotxTguK9lP0ng', '2022-06-13 13:54:06.594', NULL, '2022-06-13 13:54:06.874', 280, NULL, 50, NULL, NULL, NULL, '');
INSERT INTO `act_hi_taskinst` VALUES ('3cb7c04e-eadd-11ec-b48e-0242ac110003', 'meeting:1:b156eb4f-e8de-11ec-8449-0242ac110004', 'UserTask_2', '3c890f15-eadd-11ec-b48e-0242ac110003', '3c89362e-eadd-11ec-b48e-0242ac110003', '部门经理审批', NULL, NULL, NULL, '21', '2022-06-13 13:54:06.899', NULL, '2022-06-13 13:54:24.057', 17158, NULL, 50, NULL, NULL, NULL, '');
INSERT INTO `act_hi_taskinst` VALUES ('5187cf5d-e990-11ec-90db-0242ac110002', 'meeting:1:b156eb4f-e8de-11ec-8449-0242ac110004', 'UserTask_1', '51878131-e990-11ec-90db-0242ac110002', '5187a84a-e990-11ec-90db-0242ac110002', '创建会议', NULL, NULL, NULL, 'oVZt25eB6ENHvRmotxTguK9lP0ng', '2022-06-11 22:10:59.406', NULL, '2022-06-11 22:10:59.537', 131, NULL, 50, NULL, NULL, NULL, '');
INSERT INTO `act_hi_taskinst` VALUES ('519c68da-e990-11ec-90db-0242ac110002', 'meeting:1:b156eb4f-e8de-11ec-8449-0242ac110004', 'UserTask_2', '51878131-e990-11ec-90db-0242ac110002', '5187a84a-e990-11ec-90db-0242ac110002', '部门经理审批', NULL, NULL, NULL, '21', '2022-06-11 22:10:59.541', NULL, '2022-06-11 22:48:42.555', 2263014, NULL, 50, NULL, NULL, NULL, '');
INSERT INTO `act_hi_taskinst` VALUES ('66d59b8e-eae8-11ec-b2ef-0242ac110003', 'meeting:1:b156eb4f-e8de-11ec-8449-0242ac110004', 'UserTask_1', '66cb6252-eae8-11ec-b2ef-0242ac110003', '66cf32eb-eae8-11ec-b2ef-0242ac110003', '创建会议', NULL, NULL, NULL, 'oVZt25eB6ENHvRmotxTguK9lP0ng', '2022-06-13 15:14:02.023', NULL, '2022-06-13 15:14:03.239', 1216, NULL, 50, NULL, NULL, NULL, '');
INSERT INTO `act_hi_taskinst` VALUES ('6796c8bb-eae8-11ec-b2ef-0242ac110003', 'meeting:1:b156eb4f-e8de-11ec-8449-0242ac110004', 'UserTask_2', '66cb6252-eae8-11ec-b2ef-0242ac110003', '66cf32eb-eae8-11ec-b2ef-0242ac110003', '部门经理审批', NULL, NULL, NULL, '21', '2022-06-13 15:14:03.289', NULL, '2022-06-13 15:19:42.140', 338851, NULL, 50, NULL, NULL, NULL, '');
INSERT INTO `act_hi_taskinst` VALUES ('75566b30-eae9-11ec-b2ef-0242ac110003', 'meeting:1:b156eb4f-e8de-11ec-8449-0242ac110004', 'UserTask_1', '75564414-eae9-11ec-b2ef-0242ac110003', '75566b2d-eae9-11ec-b2ef-0242ac110003', '创建会议', NULL, NULL, NULL, 'oVZt25eB6ENHvRmotxTguK9lP0ng', '2022-06-13 15:21:35.852', NULL, '2022-06-13 15:21:36.058', 206, NULL, 50, NULL, NULL, NULL, '');
INSERT INTO `act_hi_taskinst` VALUES ('7576765d-eae9-11ec-b2ef-0242ac110003', 'meeting:1:b156eb4f-e8de-11ec-8449-0242ac110004', 'UserTask_2', '75564414-eae9-11ec-b2ef-0242ac110003', '75566b2d-eae9-11ec-b2ef-0242ac110003', '部门经理审批', NULL, NULL, NULL, '21', '2022-06-13 15:21:36.062', NULL, '2022-06-13 15:21:48.045', 11983, NULL, 50, NULL, NULL, NULL, '');
INSERT INTO `act_hi_taskinst` VALUES ('88460f28-eadc-11ec-b48e-0242ac110003', 'meeting:1:b156eb4f-e8de-11ec-8449-0242ac110004', 'UserTask_1', '8828ea2c-eadc-11ec-b48e-0242ac110003', '8831c3d5-eadc-11ec-b48e-0242ac110003', '创建会议', NULL, NULL, NULL, 'oVZt25eB6ENHvRmotxTguK9lP0ng', '2022-06-13 13:49:04.165', NULL, '2022-06-13 13:49:05.725', 1560, NULL, 50, NULL, NULL, NULL, '');
INSERT INTO `act_hi_taskinst` VALUES ('8949eaa5-eadc-11ec-b48e-0242ac110003', 'meeting:1:b156eb4f-e8de-11ec-8449-0242ac110004', 'UserTask_2', '8828ea2c-eadc-11ec-b48e-0242ac110003', '8831c3d5-eadc-11ec-b48e-0242ac110003', '部门经理审批', NULL, NULL, NULL, '21', '2022-06-13 13:49:05.867', NULL, '2022-06-13 13:49:25.370', 19503, NULL, 50, NULL, NULL, NULL, '');
INSERT INTO `act_hi_taskinst` VALUES ('8a46877a-eade-11ec-b48e-0242ac110003', 'meeting:1:b156eb4f-e8de-11ec-8449-0242ac110004', 'UserTask_1', '8a46123e-eade-11ec-b48e-0242ac110003', '8a466067-eade-11ec-b48e-0242ac110003', '创建会议', NULL, NULL, NULL, 'oVZt25eB6ENHvRmotxTguK9lP0ng', '2022-06-13 14:03:26.516', NULL, '2022-06-13 14:03:27.009', 493, NULL, 50, NULL, NULL, NULL, '');
INSERT INTO `act_hi_taskinst` VALUES ('8a962e27-eade-11ec-b48e-0242ac110003', 'meeting:1:b156eb4f-e8de-11ec-8449-0242ac110004', 'UserTask_2', '8a46123e-eade-11ec-b48e-0242ac110003', '8a466067-eade-11ec-b48e-0242ac110003', '部门经理审批', NULL, NULL, NULL, '21', '2022-06-13 14:03:27.038', NULL, '2022-06-13 14:03:41.349', 14311, NULL, 50, NULL, NULL, NULL, '');
INSERT INTO `act_hi_taskinst` VALUES ('8fac461b-f383-11ec-9a3b-0242ac110004', 'meeting:1:b156eb4f-e8de-11ec-8449-0242ac110004', 'UserTask_1', '8fabd0df-f383-11ec-9a3b-0242ac110004', '8fac1f08-f383-11ec-9a3b-0242ac110004', '创建会议', NULL, NULL, NULL, 'oVZt25eB6ENHvRmotxTguK9lP0ng', '2022-06-24 14:04:51.834', NULL, '2022-06-24 14:04:52.245', 411, NULL, 50, NULL, NULL, NULL, '');
INSERT INTO `act_hi_taskinst` VALUES ('8fee5838-f383-11ec-9a3b-0242ac110004', 'meeting:1:b156eb4f-e8de-11ec-8449-0242ac110004', 'UserTask_2', '8fabd0df-f383-11ec-9a3b-0242ac110004', '8fac1f08-f383-11ec-9a3b-0242ac110004', '部门经理审批', NULL, NULL, NULL, '21', '2022-06-24 14:04:52.267', NULL, '2022-06-24 14:05:03.377', 11110, NULL, 50, NULL, NULL, NULL, '');
INSERT INTO `act_hi_taskinst` VALUES ('a7c5af5e-eaea-11ec-ae0d-0242ac110003', 'meeting:1:b156eb4f-e8de-11ec-8449-0242ac110004', 'UserTask_1', 'a7beaa72-eaea-11ec-ae0d-0242ac110003', 'a7c11b7b-eaea-11ec-ae0d-0242ac110003', '创建会议', NULL, NULL, NULL, 'oVZt25eB6ENHvRmotxTguK9lP0ng', '2022-06-13 15:30:09.964', NULL, '2022-06-13 15:30:10.315', 351, NULL, 50, NULL, NULL, NULL, '');
INSERT INTO `act_hi_taskinst` VALUES ('a7fff94b-eaea-11ec-ae0d-0242ac110003', 'meeting:1:b156eb4f-e8de-11ec-8449-0242ac110004', 'UserTask_2', 'a7beaa72-eaea-11ec-ae0d-0242ac110003', 'a7c11b7b-eaea-11ec-ae0d-0242ac110003', '部门经理审批', NULL, NULL, NULL, '21', '2022-06-13 15:30:10.346', NULL, '2022-06-13 15:30:21.111', 10765, NULL, 50, NULL, NULL, NULL, '');
INSERT INTO `act_hi_taskinst` VALUES ('ef288ccd-f383-11ec-9a3b-0242ac110004', 'meeting:1:b156eb4f-e8de-11ec-8449-0242ac110004', 'UserTask_1', 'ef27f081-f383-11ec-9a3b-0242ac110004', 'ef2865ba-f383-11ec-9a3b-0242ac110004', '创建会议', NULL, NULL, NULL, 'oVZt25eB6ENHvRmotxTguK9lP0ng', '2022-06-24 14:07:32.033', NULL, '2022-06-24 14:07:32.291', 258, NULL, 50, NULL, NULL, NULL, '');
INSERT INTO `act_hi_taskinst` VALUES ('ef51e6ca-f383-11ec-9a3b-0242ac110004', 'meeting:1:b156eb4f-e8de-11ec-8449-0242ac110004', 'UserTask_2', 'ef27f081-f383-11ec-9a3b-0242ac110004', 'ef2865ba-f383-11ec-9a3b-0242ac110004', '部门经理审批', NULL, NULL, NULL, '21', '2022-06-24 14:07:32.303', NULL, '2022-06-24 14:07:54.638', 22335, NULL, 50, NULL, NULL, NULL, '');

-- ----------------------------
-- Table structure for act_hi_varinst
-- ----------------------------
DROP TABLE IF EXISTS `act_hi_varinst`;
CREATE TABLE `act_hi_varinst`  (
  `ID_` varchar(64) CHARACTER SET utf8 COLLATE utf8_bin NOT NULL,
  `PROC_INST_ID_` varchar(64) CHARACTER SET utf8 COLLATE utf8_bin NULL DEFAULT NULL,
  `EXECUTION_ID_` varchar(64) CHARACTER SET utf8 COLLATE utf8_bin NULL DEFAULT NULL,
  `TASK_ID_` varchar(64) CHARACTER SET utf8 COLLATE utf8_bin NULL DEFAULT NULL,
  `NAME_` varchar(255) CHARACTER SET utf8 COLLATE utf8_bin NOT NULL,
  `VAR_TYPE_` varchar(100) CHARACTER SET utf8 COLLATE utf8_bin NULL DEFAULT NULL,
  `REV_` int(11) NULL DEFAULT NULL,
  `BYTEARRAY_ID_` varchar(64) CHARACTER SET utf8 COLLATE utf8_bin NULL DEFAULT NULL,
  `DOUBLE_` double NULL DEFAULT NULL,
  `LONG_` bigint(20) NULL DEFAULT NULL,
  `TEXT_` varchar(4000) CHARACTER SET utf8 COLLATE utf8_bin NULL DEFAULT NULL,
  `TEXT2_` varchar(4000) CHARACTER SET utf8 COLLATE utf8_bin NULL DEFAULT NULL,
  `CREATE_TIME_` datetime(3) NULL DEFAULT NULL,
  `LAST_UPDATED_TIME_` datetime(3) NULL DEFAULT NULL,
  PRIMARY KEY (`ID_`) USING BTREE,
  INDEX `ACT_IDX_HI_PROCVAR_PROC_INST`(`PROC_INST_ID_`) USING BTREE,
  INDEX `ACT_IDX_HI_PROCVAR_NAME_TYPE`(`NAME_`, `VAR_TYPE_`) USING BTREE,
  INDEX `ACT_IDX_HI_PROCVAR_TASK_ID`(`TASK_ID_`) USING BTREE
) ENGINE = InnoDB CHARACTER SET = utf8 COLLATE = utf8_bin ROW_FORMAT = Dynamic;

-- ----------------------------
-- Records of act_hi_varinst
-- ----------------------------
INSERT INTO `act_hi_varinst` VALUES ('24199a97-eae9-11ec-b2ef-0242ac110003', '24197386-eae9-11ec-b2ef-0242ac110003', '24197386-eae9-11ec-b2ef-0242ac110003', NULL, 'date', 'string', 2, NULL, NULL, NULL, '2022-06-13', NULL, '2022-06-13 15:19:19.558', '2022-06-13 15:19:33.607');
INSERT INTO `act_hi_varinst` VALUES ('241d1d08-eae9-11ec-b2ef-0242ac110003', '24197386-eae9-11ec-b2ef-0242ac110003', '24197386-eae9-11ec-b2ef-0242ac110003', NULL, 'gmId', 'integer', 2, NULL, NULL, 25, '25', NULL, '2022-06-13 15:19:19.581', '2022-06-13 15:19:33.622');
INSERT INTO `act_hi_varinst` VALUES ('241d4419-eae9-11ec-b2ef-0242ac110003', '24197386-eae9-11ec-b2ef-0242ac110003', '24197386-eae9-11ec-b2ef-0242ac110003', NULL, 'creatorId', 'string', 2, NULL, NULL, NULL, 'oVZt25eB6ENHvRmotxTguK9lP0ng', NULL, '2022-06-13 15:19:19.583', '2022-06-13 15:19:33.648');
INSERT INTO `act_hi_varinst` VALUES ('241d923a-eae9-11ec-b2ef-0242ac110003', '24197386-eae9-11ec-b2ef-0242ac110003', '24197386-eae9-11ec-b2ef-0242ac110003', NULL, 'sameDept', 'boolean', 2, NULL, NULL, 1, NULL, NULL, '2022-06-13 15:19:19.584', '2022-06-13 15:19:33.641');
INSERT INTO `act_hi_varinst` VALUES ('241db94b-eae9-11ec-b2ef-0242ac110003', '24197386-eae9-11ec-b2ef-0242ac110003', '24197386-eae9-11ec-b2ef-0242ac110003', NULL, 'start', 'string', 2, NULL, NULL, NULL, '15:25:00', NULL, '2022-06-13 15:19:19.585', '2022-06-13 15:19:33.655');
INSERT INTO `act_hi_varinst` VALUES ('241fb51c-eae9-11ec-b2ef-0242ac110003', '24197386-eae9-11ec-b2ef-0242ac110003', '24197386-eae9-11ec-b2ef-0242ac110003', NULL, 'managerId', 'integer', 2, NULL, NULL, 21, '21', NULL, '2022-06-13 15:19:19.598', '2022-06-13 15:19:33.665');
INSERT INTO `act_hi_varinst` VALUES ('241fb51d-eae9-11ec-b2ef-0242ac110003', '24197386-eae9-11ec-b2ef-0242ac110003', '24197386-eae9-11ec-b2ef-0242ac110003', NULL, 'uuid', 'string', 2, NULL, NULL, NULL, '25e6f50c77444b2d99c3d5b2eafe4e58', NULL, '2022-06-13 15:19:19.598', '2022-06-13 15:19:33.669');
INSERT INTO `act_hi_varinst` VALUES ('241fb51e-eae9-11ec-b2ef-0242ac110003', '24197386-eae9-11ec-b2ef-0242ac110003', '24197386-eae9-11ec-b2ef-0242ac110003', NULL, 'url', 'string', 2, NULL, NULL, NULL, 'http://172.20.10.2:8080/emos-wx-api/meeting/recieveNotify', NULL, '2022-06-13 15:19:19.599', '2022-06-13 15:19:33.673');
INSERT INTO `act_hi_varinst` VALUES ('2422e973-eae9-11ec-b2ef-0242ac110003', '24197386-eae9-11ec-b2ef-0242ac110003', '241fdc2f-eae9-11ec-b2ef-0242ac110003', '24202a52-eae9-11ec-b2ef-0242ac110003', 'date', 'string', 0, NULL, NULL, NULL, '2022-06-13', NULL, '2022-06-13 15:19:19.619', '2022-06-13 15:19:19.619');
INSERT INTO `act_hi_varinst` VALUES ('2422e974-eae9-11ec-b2ef-0242ac110003', '24197386-eae9-11ec-b2ef-0242ac110003', '241fdc2f-eae9-11ec-b2ef-0242ac110003', '24202a52-eae9-11ec-b2ef-0242ac110003', 'gmId', 'integer', 0, NULL, NULL, 25, '25', NULL, '2022-06-13 15:19:19.619', '2022-06-13 15:19:19.619');
INSERT INTO `act_hi_varinst` VALUES ('24231085-eae9-11ec-b2ef-0242ac110003', '24197386-eae9-11ec-b2ef-0242ac110003', '241fdc2f-eae9-11ec-b2ef-0242ac110003', '24202a52-eae9-11ec-b2ef-0242ac110003', 'creatorId', 'string', 0, NULL, NULL, NULL, 'oVZt25eB6ENHvRmotxTguK9lP0ng', NULL, '2022-06-13 15:19:19.620', '2022-06-13 15:19:19.620');
INSERT INTO `act_hi_varinst` VALUES ('24231086-eae9-11ec-b2ef-0242ac110003', '24197386-eae9-11ec-b2ef-0242ac110003', '241fdc2f-eae9-11ec-b2ef-0242ac110003', '24202a52-eae9-11ec-b2ef-0242ac110003', 'sameDept', 'boolean', 0, NULL, NULL, 1, NULL, NULL, '2022-06-13 15:19:19.620', '2022-06-13 15:19:19.620');
INSERT INTO `act_hi_varinst` VALUES ('24231087-eae9-11ec-b2ef-0242ac110003', '24197386-eae9-11ec-b2ef-0242ac110003', '241fdc2f-eae9-11ec-b2ef-0242ac110003', '24202a52-eae9-11ec-b2ef-0242ac110003', 'start', 'string', 0, NULL, NULL, NULL, '15:25:00', NULL, '2022-06-13 15:19:19.620', '2022-06-13 15:19:19.620');
INSERT INTO `act_hi_varinst` VALUES ('24233798-eae9-11ec-b2ef-0242ac110003', '24197386-eae9-11ec-b2ef-0242ac110003', '241fdc2f-eae9-11ec-b2ef-0242ac110003', '24202a52-eae9-11ec-b2ef-0242ac110003', 'managerId', 'integer', 0, NULL, NULL, 21, '21', NULL, '2022-06-13 15:19:19.621', '2022-06-13 15:19:19.621');
INSERT INTO `act_hi_varinst` VALUES ('24233799-eae9-11ec-b2ef-0242ac110003', '24197386-eae9-11ec-b2ef-0242ac110003', '241fdc2f-eae9-11ec-b2ef-0242ac110003', '24202a52-eae9-11ec-b2ef-0242ac110003', 'uuid', 'string', 0, NULL, NULL, NULL, '25e6f50c77444b2d99c3d5b2eafe4e58', NULL, '2022-06-13 15:19:19.621', '2022-06-13 15:19:19.621');
INSERT INTO `act_hi_varinst` VALUES ('2423379a-eae9-11ec-b2ef-0242ac110003', '24197386-eae9-11ec-b2ef-0242ac110003', '241fdc2f-eae9-11ec-b2ef-0242ac110003', '24202a52-eae9-11ec-b2ef-0242ac110003', 'url', 'string', 0, NULL, NULL, NULL, 'http://172.20.10.2:8080/emos-wx-api/meeting/recieveNotify', NULL, '2022-06-13 15:19:19.622', '2022-06-13 15:19:19.622');
INSERT INTO `act_hi_varinst` VALUES ('24578e0c-eae9-11ec-b2ef-0242ac110003', '24197386-eae9-11ec-b2ef-0242ac110003', '24197386-eae9-11ec-b2ef-0242ac110003', NULL, 'identity', 'string', 1, NULL, NULL, NULL, '员工', NULL, '2022-06-13 15:19:19.964', '2022-06-13 15:19:33.630');
INSERT INTO `act_hi_varinst` VALUES ('24668230-eae9-11ec-b2ef-0242ac110003', '24197386-eae9-11ec-b2ef-0242ac110003', '241fdc2f-eae9-11ec-b2ef-0242ac110003', '2466340f-eae9-11ec-b2ef-0242ac110003', 'date', 'string', 0, NULL, NULL, NULL, '2022-06-13', NULL, '2022-06-13 15:19:20.062', '2022-06-13 15:19:20.062');
INSERT INTO `act_hi_varinst` VALUES ('24668231-eae9-11ec-b2ef-0242ac110003', '24197386-eae9-11ec-b2ef-0242ac110003', '241fdc2f-eae9-11ec-b2ef-0242ac110003', '2466340f-eae9-11ec-b2ef-0242ac110003', 'gmId', 'integer', 0, NULL, NULL, 25, '25', NULL, '2022-06-13 15:19:20.062', '2022-06-13 15:19:20.062');
INSERT INTO `act_hi_varinst` VALUES ('24668232-eae9-11ec-b2ef-0242ac110003', '24197386-eae9-11ec-b2ef-0242ac110003', '241fdc2f-eae9-11ec-b2ef-0242ac110003', '2466340f-eae9-11ec-b2ef-0242ac110003', 'identity', 'string', 0, NULL, NULL, NULL, '员工', NULL, '2022-06-13 15:19:20.062', '2022-06-13 15:19:20.062');
INSERT INTO `act_hi_varinst` VALUES ('24668233-eae9-11ec-b2ef-0242ac110003', '24197386-eae9-11ec-b2ef-0242ac110003', '241fdc2f-eae9-11ec-b2ef-0242ac110003', '2466340f-eae9-11ec-b2ef-0242ac110003', 'sameDept', 'boolean', 0, NULL, NULL, 1, NULL, NULL, '2022-06-13 15:19:20.063', '2022-06-13 15:19:20.063');
INSERT INTO `act_hi_varinst` VALUES ('2466a944-eae9-11ec-b2ef-0242ac110003', '24197386-eae9-11ec-b2ef-0242ac110003', '241fdc2f-eae9-11ec-b2ef-0242ac110003', '2466340f-eae9-11ec-b2ef-0242ac110003', 'creatorId', 'string', 0, NULL, NULL, NULL, 'oVZt25eB6ENHvRmotxTguK9lP0ng', NULL, '2022-06-13 15:19:20.063', '2022-06-13 15:19:20.063');
INSERT INTO `act_hi_varinst` VALUES ('2466a945-eae9-11ec-b2ef-0242ac110003', '24197386-eae9-11ec-b2ef-0242ac110003', '241fdc2f-eae9-11ec-b2ef-0242ac110003', '2466340f-eae9-11ec-b2ef-0242ac110003', 'start', 'string', 0, NULL, NULL, NULL, '15:25:00', NULL, '2022-06-13 15:19:20.063', '2022-06-13 15:19:20.063');
INSERT INTO `act_hi_varinst` VALUES ('2466a946-eae9-11ec-b2ef-0242ac110003', '24197386-eae9-11ec-b2ef-0242ac110003', '241fdc2f-eae9-11ec-b2ef-0242ac110003', '2466340f-eae9-11ec-b2ef-0242ac110003', 'managerId', 'integer', 0, NULL, NULL, 21, '21', NULL, '2022-06-13 15:19:20.063', '2022-06-13 15:19:20.063');
INSERT INTO `act_hi_varinst` VALUES ('2466a947-eae9-11ec-b2ef-0242ac110003', '24197386-eae9-11ec-b2ef-0242ac110003', '241fdc2f-eae9-11ec-b2ef-0242ac110003', '2466340f-eae9-11ec-b2ef-0242ac110003', 'uuid', 'string', 0, NULL, NULL, NULL, '25e6f50c77444b2d99c3d5b2eafe4e58', NULL, '2022-06-13 15:19:20.063', '2022-06-13 15:19:20.063');
INSERT INTO `act_hi_varinst` VALUES ('2466a948-eae9-11ec-b2ef-0242ac110003', '24197386-eae9-11ec-b2ef-0242ac110003', '241fdc2f-eae9-11ec-b2ef-0242ac110003', '2466340f-eae9-11ec-b2ef-0242ac110003', 'url', 'string', 0, NULL, NULL, NULL, 'http://172.20.10.2:8080/emos-wx-api/meeting/recieveNotify', NULL, '2022-06-13 15:19:20.063', '2022-06-13 15:19:20.063');
INSERT INTO `act_hi_varinst` VALUES ('2c67004a-eae9-11ec-b2ef-0242ac110003', '24197386-eae9-11ec-b2ef-0242ac110003', '241fdc2f-eae9-11ec-b2ef-0242ac110003', '2466340f-eae9-11ec-b2ef-0242ac110003', 'result', 'string', 0, NULL, NULL, NULL, '同意', NULL, '2022-06-13 15:19:33.487', '2022-06-13 15:19:33.487');
INSERT INTO `act_hi_varinst` VALUES ('2c794fcb-eae9-11ec-b2ef-0242ac110003', '24197386-eae9-11ec-b2ef-0242ac110003', '24197386-eae9-11ec-b2ef-0242ac110003', NULL, 'result', 'string', 0, NULL, NULL, NULL, '同意', NULL, '2022-06-13 15:19:33.607', '2022-06-13 15:19:33.607');
INSERT INTO `act_hi_varinst` VALUES ('3166e88f-eae9-11ec-b2ef-0242ac110003', '66cb6252-eae8-11ec-b2ef-0242ac110003', '66cf32eb-eae8-11ec-b2ef-0242ac110003', '6796c8bb-eae8-11ec-b2ef-0242ac110003', 'result', 'string', 0, NULL, NULL, NULL, '同意', NULL, '2022-06-13 15:19:41.875', '2022-06-13 15:19:41.875');
INSERT INTO `act_hi_varinst` VALUES ('317b33e0-eae9-11ec-b2ef-0242ac110003', '66cb6252-eae8-11ec-b2ef-0242ac110003', '66cb6252-eae8-11ec-b2ef-0242ac110003', NULL, 'result', 'string', 0, NULL, NULL, NULL, '同意', NULL, '2022-06-13 15:19:42.008', '2022-06-13 15:19:42.008');
INSERT INTO `act_hi_varinst` VALUES ('3c890f16-eadd-11ec-b48e-0242ac110003', '3c890f15-eadd-11ec-b48e-0242ac110003', '3c890f15-eadd-11ec-b48e-0242ac110003', NULL, 'date', 'string', 2, NULL, NULL, NULL, '2022-06-13', NULL, '2022-06-13 13:54:06.593', '2022-06-13 13:54:23.975');
INSERT INTO `act_hi_varinst` VALUES ('3c890f17-eadd-11ec-b48e-0242ac110003', '3c890f15-eadd-11ec-b48e-0242ac110003', '3c890f15-eadd-11ec-b48e-0242ac110003', NULL, 'gmId', 'integer', 2, NULL, NULL, 25, '25', NULL, '2022-06-13 13:54:06.593', '2022-06-13 13:54:23.994');
INSERT INTO `act_hi_varinst` VALUES ('3c890f18-eadd-11ec-b48e-0242ac110003', '3c890f15-eadd-11ec-b48e-0242ac110003', '3c890f15-eadd-11ec-b48e-0242ac110003', NULL, 'creatorId', 'string', 2, NULL, NULL, NULL, 'oVZt25eB6ENHvRmotxTguK9lP0ng', NULL, '2022-06-13 13:54:06.593', '2022-06-13 13:54:24.016');
INSERT INTO `act_hi_varinst` VALUES ('3c890f19-eadd-11ec-b48e-0242ac110003', '3c890f15-eadd-11ec-b48e-0242ac110003', '3c890f15-eadd-11ec-b48e-0242ac110003', NULL, 'sameDept', 'boolean', 2, NULL, NULL, 1, NULL, NULL, '2022-06-13 13:54:06.593', '2022-06-13 13:54:24.020');
INSERT INTO `act_hi_varinst` VALUES ('3c890f1a-eadd-11ec-b48e-0242ac110003', '3c890f15-eadd-11ec-b48e-0242ac110003', '3c890f15-eadd-11ec-b48e-0242ac110003', NULL, 'start', 'string', 2, NULL, NULL, NULL, '14:00:00', NULL, '2022-06-13 13:54:06.593', '2022-06-13 13:54:24.009');
INSERT INTO `act_hi_varinst` VALUES ('3c89362b-eadd-11ec-b48e-0242ac110003', '3c890f15-eadd-11ec-b48e-0242ac110003', '3c890f15-eadd-11ec-b48e-0242ac110003', NULL, 'managerId', 'integer', 2, NULL, NULL, 21, '21', NULL, '2022-06-13 13:54:06.594', '2022-06-13 13:54:24.023');
INSERT INTO `act_hi_varinst` VALUES ('3c89362c-eadd-11ec-b48e-0242ac110003', '3c890f15-eadd-11ec-b48e-0242ac110003', '3c890f15-eadd-11ec-b48e-0242ac110003', NULL, 'uuid', 'string', 2, NULL, NULL, NULL, '5a92f320508847ec98716e2b02f8008b', NULL, '2022-06-13 13:54:06.594', '2022-06-13 13:54:24.031');
INSERT INTO `act_hi_varinst` VALUES ('3c89362d-eadd-11ec-b48e-0242ac110003', '3c890f15-eadd-11ec-b48e-0242ac110003', '3c890f15-eadd-11ec-b48e-0242ac110003', NULL, 'url', 'string', 2, NULL, NULL, NULL, 'http://172.20.10.2:8080/emos-wx-api/meeting/recieveNotify', NULL, '2022-06-13 13:54:06.594', '2022-06-13 13:54:24.038');
INSERT INTO `act_hi_varinst` VALUES ('3c898452-eadd-11ec-b48e-0242ac110003', '3c890f15-eadd-11ec-b48e-0242ac110003', '3c89362e-eadd-11ec-b48e-0242ac110003', '3c893631-eadd-11ec-b48e-0242ac110003', 'date', 'string', 0, NULL, NULL, NULL, '2022-06-13', NULL, '2022-06-13 13:54:06.596', '2022-06-13 13:54:06.596');
INSERT INTO `act_hi_varinst` VALUES ('3c898453-eadd-11ec-b48e-0242ac110003', '3c890f15-eadd-11ec-b48e-0242ac110003', '3c89362e-eadd-11ec-b48e-0242ac110003', '3c893631-eadd-11ec-b48e-0242ac110003', 'gmId', 'integer', 0, NULL, NULL, 25, '25', NULL, '2022-06-13 13:54:06.597', '2022-06-13 13:54:06.597');
INSERT INTO `act_hi_varinst` VALUES ('3c89ab64-eadd-11ec-b48e-0242ac110003', '3c890f15-eadd-11ec-b48e-0242ac110003', '3c89362e-eadd-11ec-b48e-0242ac110003', '3c893631-eadd-11ec-b48e-0242ac110003', 'creatorId', 'string', 0, NULL, NULL, NULL, 'oVZt25eB6ENHvRmotxTguK9lP0ng', NULL, '2022-06-13 13:54:06.597', '2022-06-13 13:54:06.597');
INSERT INTO `act_hi_varinst` VALUES ('3c89ab65-eadd-11ec-b48e-0242ac110003', '3c890f15-eadd-11ec-b48e-0242ac110003', '3c89362e-eadd-11ec-b48e-0242ac110003', '3c893631-eadd-11ec-b48e-0242ac110003', 'sameDept', 'boolean', 0, NULL, NULL, 1, NULL, NULL, '2022-06-13 13:54:06.597', '2022-06-13 13:54:06.597');
INSERT INTO `act_hi_varinst` VALUES ('3c89ab66-eadd-11ec-b48e-0242ac110003', '3c890f15-eadd-11ec-b48e-0242ac110003', '3c89362e-eadd-11ec-b48e-0242ac110003', '3c893631-eadd-11ec-b48e-0242ac110003', 'start', 'string', 0, NULL, NULL, NULL, '14:00:00', NULL, '2022-06-13 13:54:06.597', '2022-06-13 13:54:06.597');
INSERT INTO `act_hi_varinst` VALUES ('3c89ab67-eadd-11ec-b48e-0242ac110003', '3c890f15-eadd-11ec-b48e-0242ac110003', '3c89362e-eadd-11ec-b48e-0242ac110003', '3c893631-eadd-11ec-b48e-0242ac110003', 'managerId', 'integer', 0, NULL, NULL, 21, '21', NULL, '2022-06-13 13:54:06.597', '2022-06-13 13:54:06.597');
INSERT INTO `act_hi_varinst` VALUES ('3c89ab68-eadd-11ec-b48e-0242ac110003', '3c890f15-eadd-11ec-b48e-0242ac110003', '3c89362e-eadd-11ec-b48e-0242ac110003', '3c893631-eadd-11ec-b48e-0242ac110003', 'uuid', 'string', 0, NULL, NULL, NULL, '5a92f320508847ec98716e2b02f8008b', NULL, '2022-06-13 13:54:06.597', '2022-06-13 13:54:06.597');
INSERT INTO `act_hi_varinst` VALUES ('3c89ab69-eadd-11ec-b48e-0242ac110003', '3c890f15-eadd-11ec-b48e-0242ac110003', '3c89362e-eadd-11ec-b48e-0242ac110003', '3c893631-eadd-11ec-b48e-0242ac110003', 'url', 'string', 0, NULL, NULL, NULL, 'http://172.20.10.2:8080/emos-wx-api/meeting/recieveNotify', NULL, '2022-06-13 13:54:06.597', '2022-06-13 13:54:06.597');
INSERT INTO `act_hi_varinst` VALUES ('3cad871b-eadd-11ec-b48e-0242ac110003', '3c890f15-eadd-11ec-b48e-0242ac110003', '3c890f15-eadd-11ec-b48e-0242ac110003', NULL, 'identity', 'string', 1, NULL, NULL, NULL, '员工', NULL, '2022-06-13 13:54:06.832', '2022-06-13 13:54:24.003');
INSERT INTO `act_hi_varinst` VALUES ('3cb8d1bf-eadd-11ec-b48e-0242ac110003', '3c890f15-eadd-11ec-b48e-0242ac110003', '3c89362e-eadd-11ec-b48e-0242ac110003', '3cb7c04e-eadd-11ec-b48e-0242ac110003', 'date', 'string', 0, NULL, NULL, NULL, '2022-06-13', NULL, '2022-06-13 13:54:06.906', '2022-06-13 13:54:06.906');
INSERT INTO `act_hi_varinst` VALUES ('3cb8d1c0-eadd-11ec-b48e-0242ac110003', '3c890f15-eadd-11ec-b48e-0242ac110003', '3c89362e-eadd-11ec-b48e-0242ac110003', '3cb7c04e-eadd-11ec-b48e-0242ac110003', 'gmId', 'integer', 0, NULL, NULL, 25, '25', NULL, '2022-06-13 13:54:06.907', '2022-06-13 13:54:06.907');
INSERT INTO `act_hi_varinst` VALUES ('3cb8f8d1-eadd-11ec-b48e-0242ac110003', '3c890f15-eadd-11ec-b48e-0242ac110003', '3c89362e-eadd-11ec-b48e-0242ac110003', '3cb7c04e-eadd-11ec-b48e-0242ac110003', 'identity', 'string', 0, NULL, NULL, NULL, '员工', NULL, '2022-06-13 13:54:06.907', '2022-06-13 13:54:06.907');
INSERT INTO `act_hi_varinst` VALUES ('3cb8f8d2-eadd-11ec-b48e-0242ac110003', '3c890f15-eadd-11ec-b48e-0242ac110003', '3c89362e-eadd-11ec-b48e-0242ac110003', '3cb7c04e-eadd-11ec-b48e-0242ac110003', 'start', 'string', 0, NULL, NULL, NULL, '14:00:00', NULL, '2022-06-13 13:54:06.907', '2022-06-13 13:54:06.907');
INSERT INTO `act_hi_varinst` VALUES ('3cb8f8d3-eadd-11ec-b48e-0242ac110003', '3c890f15-eadd-11ec-b48e-0242ac110003', '3c89362e-eadd-11ec-b48e-0242ac110003', '3cb7c04e-eadd-11ec-b48e-0242ac110003', 'creatorId', 'string', 0, NULL, NULL, NULL, 'oVZt25eB6ENHvRmotxTguK9lP0ng', NULL, '2022-06-13 13:54:06.907', '2022-06-13 13:54:06.907');
INSERT INTO `act_hi_varinst` VALUES ('3cb8f8d4-eadd-11ec-b48e-0242ac110003', '3c890f15-eadd-11ec-b48e-0242ac110003', '3c89362e-eadd-11ec-b48e-0242ac110003', '3cb7c04e-eadd-11ec-b48e-0242ac110003', 'sameDept', 'boolean', 0, NULL, NULL, 1, NULL, NULL, '2022-06-13 13:54:06.907', '2022-06-13 13:54:06.907');
INSERT INTO `act_hi_varinst` VALUES ('3cb91fe5-eadd-11ec-b48e-0242ac110003', '3c890f15-eadd-11ec-b48e-0242ac110003', '3c89362e-eadd-11ec-b48e-0242ac110003', '3cb7c04e-eadd-11ec-b48e-0242ac110003', 'managerId', 'integer', 0, NULL, NULL, 21, '21', NULL, '2022-06-13 13:54:06.908', '2022-06-13 13:54:06.908');
INSERT INTO `act_hi_varinst` VALUES ('3cb91fe6-eadd-11ec-b48e-0242ac110003', '3c890f15-eadd-11ec-b48e-0242ac110003', '3c89362e-eadd-11ec-b48e-0242ac110003', '3cb7c04e-eadd-11ec-b48e-0242ac110003', 'uuid', 'string', 0, NULL, NULL, NULL, '5a92f320508847ec98716e2b02f8008b', NULL, '2022-06-13 13:54:06.908', '2022-06-13 13:54:06.908');
INSERT INTO `act_hi_varinst` VALUES ('3cb91fe7-eadd-11ec-b48e-0242ac110003', '3c890f15-eadd-11ec-b48e-0242ac110003', '3c89362e-eadd-11ec-b48e-0242ac110003', '3cb7c04e-eadd-11ec-b48e-0242ac110003', 'url', 'string', 0, NULL, NULL, NULL, 'http://172.20.10.2:8080/emos-wx-api/meeting/recieveNotify', NULL, '2022-06-13 13:54:06.908', '2022-06-13 13:54:06.908');
INSERT INTO `act_hi_varinst` VALUES ('46dec7e9-eadd-11ec-b48e-0242ac110003', '3c890f15-eadd-11ec-b48e-0242ac110003', '3c89362e-eadd-11ec-b48e-0242ac110003', '3cb7c04e-eadd-11ec-b48e-0242ac110003', 'result', 'string', 0, NULL, NULL, NULL, '同意', NULL, '2022-06-13 13:54:23.932', '2022-06-13 13:54:23.932');
INSERT INTO `act_hi_varinst` VALUES ('46e7054a-eadd-11ec-b48e-0242ac110003', '3c890f15-eadd-11ec-b48e-0242ac110003', '3c890f15-eadd-11ec-b48e-0242ac110003', NULL, 'result', 'string', 0, NULL, NULL, NULL, '同意', NULL, '2022-06-13 13:54:23.986', '2022-06-13 13:54:23.986');
INSERT INTO `act_hi_varinst` VALUES ('51878132-e990-11ec-90db-0242ac110002', '51878131-e990-11ec-90db-0242ac110002', '51878131-e990-11ec-90db-0242ac110002', NULL, 'date', 'string', 2, NULL, NULL, NULL, '2022-06-15', NULL, '2022-06-11 22:10:59.404', '2022-06-11 22:48:42.547');
INSERT INTO `act_hi_varinst` VALUES ('51878133-e990-11ec-90db-0242ac110002', '51878131-e990-11ec-90db-0242ac110002', '51878131-e990-11ec-90db-0242ac110002', NULL, 'gmId', 'integer', 2, NULL, NULL, 25, '25', NULL, '2022-06-11 22:10:59.404', '2022-06-11 22:48:42.548');
INSERT INTO `act_hi_varinst` VALUES ('51878134-e990-11ec-90db-0242ac110002', '51878131-e990-11ec-90db-0242ac110002', '51878131-e990-11ec-90db-0242ac110002', NULL, 'creatorId', 'string', 2, NULL, NULL, NULL, 'oVZt25eB6ENHvRmotxTguK9lP0ng', NULL, '2022-06-11 22:10:59.404', '2022-06-11 22:48:42.551');
INSERT INTO `act_hi_varinst` VALUES ('5187a845-e990-11ec-90db-0242ac110002', '51878131-e990-11ec-90db-0242ac110002', '51878131-e990-11ec-90db-0242ac110002', NULL, 'sameDept', 'boolean', 2, NULL, NULL, 1, NULL, NULL, '2022-06-11 22:10:59.405', '2022-06-11 22:48:42.552');
INSERT INTO `act_hi_varinst` VALUES ('5187a846-e990-11ec-90db-0242ac110002', '51878131-e990-11ec-90db-0242ac110002', '51878131-e990-11ec-90db-0242ac110002', NULL, 'start', 'string', 2, NULL, NULL, NULL, '17:41:00', NULL, '2022-06-11 22:10:59.405', '2022-06-11 22:48:42.552');
INSERT INTO `act_hi_varinst` VALUES ('5187a847-e990-11ec-90db-0242ac110002', '51878131-e990-11ec-90db-0242ac110002', '51878131-e990-11ec-90db-0242ac110002', NULL, 'managerId', 'integer', 2, NULL, NULL, 21, '21', NULL, '2022-06-11 22:10:59.405', '2022-06-11 22:48:42.552');
INSERT INTO `act_hi_varinst` VALUES ('5187a848-e990-11ec-90db-0242ac110002', '51878131-e990-11ec-90db-0242ac110002', '51878131-e990-11ec-90db-0242ac110002', NULL, 'uuid', 'string', 2, NULL, NULL, NULL, '7ef6738bca1a4864bc5ad92c418abf27', NULL, '2022-06-11 22:10:59.405', '2022-06-11 22:48:42.553');
INSERT INTO `act_hi_varinst` VALUES ('5187a849-e990-11ec-90db-0242ac110002', '51878131-e990-11ec-90db-0242ac110002', '51878131-e990-11ec-90db-0242ac110002', NULL, 'url', 'string', 2, NULL, NULL, NULL, 'http://172.20.10.2:8080/emos-wx-api/meeting/recieveNotify', NULL, '2022-06-11 22:10:59.405', '2022-06-11 22:48:42.553');
INSERT INTO `act_hi_varinst` VALUES ('5189a41e-e990-11ec-90db-0242ac110002', '51878131-e990-11ec-90db-0242ac110002', '5187a84a-e990-11ec-90db-0242ac110002', '5187cf5d-e990-11ec-90db-0242ac110002', 'date', 'string', 0, NULL, NULL, NULL, '2022-06-15', NULL, '2022-06-11 22:10:59.418', '2022-06-11 22:10:59.418');
INSERT INTO `act_hi_varinst` VALUES ('5189a41f-e990-11ec-90db-0242ac110002', '51878131-e990-11ec-90db-0242ac110002', '5187a84a-e990-11ec-90db-0242ac110002', '5187cf5d-e990-11ec-90db-0242ac110002', 'gmId', 'integer', 0, NULL, NULL, 25, '25', NULL, '2022-06-11 22:10:59.418', '2022-06-11 22:10:59.418');
INSERT INTO `act_hi_varinst` VALUES ('5189a420-e990-11ec-90db-0242ac110002', '51878131-e990-11ec-90db-0242ac110002', '5187a84a-e990-11ec-90db-0242ac110002', '5187cf5d-e990-11ec-90db-0242ac110002', 'creatorId', 'string', 0, NULL, NULL, NULL, 'oVZt25eB6ENHvRmotxTguK9lP0ng', NULL, '2022-06-11 22:10:59.418', '2022-06-11 22:10:59.418');
INSERT INTO `act_hi_varinst` VALUES ('5189cb31-e990-11ec-90db-0242ac110002', '51878131-e990-11ec-90db-0242ac110002', '5187a84a-e990-11ec-90db-0242ac110002', '5187cf5d-e990-11ec-90db-0242ac110002', 'sameDept', 'boolean', 0, NULL, NULL, 1, NULL, NULL, '2022-06-11 22:10:59.419', '2022-06-11 22:10:59.419');
INSERT INTO `act_hi_varinst` VALUES ('5189cb32-e990-11ec-90db-0242ac110002', '51878131-e990-11ec-90db-0242ac110002', '5187a84a-e990-11ec-90db-0242ac110002', '5187cf5d-e990-11ec-90db-0242ac110002', 'start', 'string', 0, NULL, NULL, NULL, '17:41:00', NULL, '2022-06-11 22:10:59.419', '2022-06-11 22:10:59.419');
INSERT INTO `act_hi_varinst` VALUES ('5189cb33-e990-11ec-90db-0242ac110002', '51878131-e990-11ec-90db-0242ac110002', '5187a84a-e990-11ec-90db-0242ac110002', '5187cf5d-e990-11ec-90db-0242ac110002', 'managerId', 'integer', 0, NULL, NULL, 21, '21', NULL, '2022-06-11 22:10:59.419', '2022-06-11 22:10:59.419');
INSERT INTO `act_hi_varinst` VALUES ('5189cb34-e990-11ec-90db-0242ac110002', '51878131-e990-11ec-90db-0242ac110002', '5187a84a-e990-11ec-90db-0242ac110002', '5187cf5d-e990-11ec-90db-0242ac110002', 'uuid', 'string', 0, NULL, NULL, NULL, '7ef6738bca1a4864bc5ad92c418abf27', NULL, '2022-06-11 22:10:59.419', '2022-06-11 22:10:59.419');
INSERT INTO `act_hi_varinst` VALUES ('5189cb35-e990-11ec-90db-0242ac110002', '51878131-e990-11ec-90db-0242ac110002', '5187a84a-e990-11ec-90db-0242ac110002', '5187cf5d-e990-11ec-90db-0242ac110002', 'url', 'string', 0, NULL, NULL, NULL, 'http://172.20.10.2:8080/emos-wx-api/meeting/recieveNotify', NULL, '2022-06-11 22:10:59.419', '2022-06-11 22:10:59.419');
INSERT INTO `act_hi_varinst` VALUES ('519a6d07-e990-11ec-90db-0242ac110002', '51878131-e990-11ec-90db-0242ac110002', '51878131-e990-11ec-90db-0242ac110002', NULL, 'identity', 'string', 1, NULL, NULL, NULL, '员工', NULL, '2022-06-11 22:10:59.528', '2022-06-11 22:48:42.550');
INSERT INTO `act_hi_varinst` VALUES ('519c8feb-e990-11ec-90db-0242ac110002', '51878131-e990-11ec-90db-0242ac110002', '5187a84a-e990-11ec-90db-0242ac110002', '519c68da-e990-11ec-90db-0242ac110002', 'date', 'string', 0, NULL, NULL, NULL, '2022-06-15', NULL, '2022-06-11 22:10:59.542', '2022-06-11 22:10:59.542');
INSERT INTO `act_hi_varinst` VALUES ('519c8fec-e990-11ec-90db-0242ac110002', '51878131-e990-11ec-90db-0242ac110002', '5187a84a-e990-11ec-90db-0242ac110002', '519c68da-e990-11ec-90db-0242ac110002', 'gmId', 'integer', 0, NULL, NULL, 25, '25', NULL, '2022-06-11 22:10:59.542', '2022-06-11 22:10:59.542');
INSERT INTO `act_hi_varinst` VALUES ('519c8fed-e990-11ec-90db-0242ac110002', '51878131-e990-11ec-90db-0242ac110002', '5187a84a-e990-11ec-90db-0242ac110002', '519c68da-e990-11ec-90db-0242ac110002', 'identity', 'string', 0, NULL, NULL, NULL, '员工', NULL, '2022-06-11 22:10:59.542', '2022-06-11 22:10:59.542');
INSERT INTO `act_hi_varinst` VALUES ('519c8fee-e990-11ec-90db-0242ac110002', '51878131-e990-11ec-90db-0242ac110002', '5187a84a-e990-11ec-90db-0242ac110002', '519c68da-e990-11ec-90db-0242ac110002', 'creatorId', 'string', 0, NULL, NULL, NULL, 'oVZt25eB6ENHvRmotxTguK9lP0ng', NULL, '2022-06-11 22:10:59.542', '2022-06-11 22:10:59.542');
INSERT INTO `act_hi_varinst` VALUES ('519c8fef-e990-11ec-90db-0242ac110002', '51878131-e990-11ec-90db-0242ac110002', '5187a84a-e990-11ec-90db-0242ac110002', '519c68da-e990-11ec-90db-0242ac110002', 'sameDept', 'boolean', 0, NULL, NULL, 1, NULL, NULL, '2022-06-11 22:10:59.542', '2022-06-11 22:10:59.542');
INSERT INTO `act_hi_varinst` VALUES ('519c8ff0-e990-11ec-90db-0242ac110002', '51878131-e990-11ec-90db-0242ac110002', '5187a84a-e990-11ec-90db-0242ac110002', '519c68da-e990-11ec-90db-0242ac110002', 'start', 'string', 0, NULL, NULL, NULL, '17:41:00', NULL, '2022-06-11 22:10:59.542', '2022-06-11 22:10:59.542');
INSERT INTO `act_hi_varinst` VALUES ('519c8ff1-e990-11ec-90db-0242ac110002', '51878131-e990-11ec-90db-0242ac110002', '5187a84a-e990-11ec-90db-0242ac110002', '519c68da-e990-11ec-90db-0242ac110002', 'managerId', 'integer', 0, NULL, NULL, 21, '21', NULL, '2022-06-11 22:10:59.542', '2022-06-11 22:10:59.542');
INSERT INTO `act_hi_varinst` VALUES ('519c8ff2-e990-11ec-90db-0242ac110002', '51878131-e990-11ec-90db-0242ac110002', '5187a84a-e990-11ec-90db-0242ac110002', '519c68da-e990-11ec-90db-0242ac110002', 'uuid', 'string', 0, NULL, NULL, NULL, '7ef6738bca1a4864bc5ad92c418abf27', NULL, '2022-06-11 22:10:59.542', '2022-06-11 22:10:59.542');
INSERT INTO `act_hi_varinst` VALUES ('519c8ff3-e990-11ec-90db-0242ac110002', '51878131-e990-11ec-90db-0242ac110002', '5187a84a-e990-11ec-90db-0242ac110002', '519c68da-e990-11ec-90db-0242ac110002', 'url', 'string', 0, NULL, NULL, NULL, 'http://172.20.10.2:8080/emos-wx-api/meeting/recieveNotify', NULL, '2022-06-11 22:10:59.542', '2022-06-11 22:10:59.542');
INSERT INTO `act_hi_varinst` VALUES ('66cbfe93-eae8-11ec-b2ef-0242ac110003', '66cb6252-eae8-11ec-b2ef-0242ac110003', '66cb6252-eae8-11ec-b2ef-0242ac110003', NULL, 'date', 'string', 2, NULL, NULL, NULL, '2022-06-13', NULL, '2022-06-13 15:14:01.961', '2022-06-13 15:19:42.018');
INSERT INTO `act_hi_varinst` VALUES ('66cebdb4-eae8-11ec-b2ef-0242ac110003', '66cb6252-eae8-11ec-b2ef-0242ac110003', '66cb6252-eae8-11ec-b2ef-0242ac110003', NULL, 'gmId', 'integer', 2, NULL, NULL, 25, '25', NULL, '2022-06-13 15:14:01.978', '2022-06-13 15:19:42.027');
INSERT INTO `act_hi_varinst` VALUES ('66cee4c5-eae8-11ec-b2ef-0242ac110003', '66cb6252-eae8-11ec-b2ef-0242ac110003', '66cb6252-eae8-11ec-b2ef-0242ac110003', NULL, 'creatorId', 'string', 2, NULL, NULL, NULL, 'oVZt25eB6ENHvRmotxTguK9lP0ng', NULL, '2022-06-13 15:14:01.979', '2022-06-13 15:19:42.066');
INSERT INTO `act_hi_varinst` VALUES ('66cee4c6-eae8-11ec-b2ef-0242ac110003', '66cb6252-eae8-11ec-b2ef-0242ac110003', '66cb6252-eae8-11ec-b2ef-0242ac110003', NULL, 'sameDept', 'boolean', 2, NULL, NULL, 1, NULL, NULL, '2022-06-13 15:14:01.979', '2022-06-13 15:19:42.071');
INSERT INTO `act_hi_varinst` VALUES ('66cee4c7-eae8-11ec-b2ef-0242ac110003', '66cb6252-eae8-11ec-b2ef-0242ac110003', '66cb6252-eae8-11ec-b2ef-0242ac110003', NULL, 'start', 'string', 2, NULL, NULL, NULL, '15:30:00', NULL, '2022-06-13 15:14:01.979', '2022-06-13 15:19:42.057');
INSERT INTO `act_hi_varinst` VALUES ('66cf0bd8-eae8-11ec-b2ef-0242ac110003', '66cb6252-eae8-11ec-b2ef-0242ac110003', '66cb6252-eae8-11ec-b2ef-0242ac110003', NULL, 'managerId', 'integer', 2, NULL, NULL, 21, '21', NULL, '2022-06-13 15:14:01.980', '2022-06-13 15:19:42.096');
INSERT INTO `act_hi_varinst` VALUES ('66cf0bd9-eae8-11ec-b2ef-0242ac110003', '66cb6252-eae8-11ec-b2ef-0242ac110003', '66cb6252-eae8-11ec-b2ef-0242ac110003', NULL, 'uuid', 'string', 2, NULL, NULL, NULL, '372b066a4d7f4215bd513af889f27a01', NULL, '2022-06-13 15:14:01.980', '2022-06-13 15:19:42.106');
INSERT INTO `act_hi_varinst` VALUES ('66cf0bda-eae8-11ec-b2ef-0242ac110003', '66cb6252-eae8-11ec-b2ef-0242ac110003', '66cb6252-eae8-11ec-b2ef-0242ac110003', NULL, 'url', 'string', 2, NULL, NULL, NULL, 'http://172.20.10.2:8080/emos-wx-api/meeting/recieveNotify', NULL, '2022-06-13 15:14:01.980', '2022-06-13 15:19:42.112');
INSERT INTO `act_hi_varinst` VALUES ('66d7222f-eae8-11ec-b2ef-0242ac110003', '66cb6252-eae8-11ec-b2ef-0242ac110003', '66cf32eb-eae8-11ec-b2ef-0242ac110003', '66d59b8e-eae8-11ec-b2ef-0242ac110003', 'date', 'string', 0, NULL, NULL, NULL, '2022-06-13', NULL, '2022-06-13 15:14:02.033', '2022-06-13 15:14:02.033');
INSERT INTO `act_hi_varinst` VALUES ('66d72230-eae8-11ec-b2ef-0242ac110003', '66cb6252-eae8-11ec-b2ef-0242ac110003', '66cf32eb-eae8-11ec-b2ef-0242ac110003', '66d59b8e-eae8-11ec-b2ef-0242ac110003', 'gmId', 'integer', 0, NULL, NULL, 25, '25', NULL, '2022-06-13 15:14:02.033', '2022-06-13 15:14:02.033');
INSERT INTO `act_hi_varinst` VALUES ('66d72231-eae8-11ec-b2ef-0242ac110003', '66cb6252-eae8-11ec-b2ef-0242ac110003', '66cf32eb-eae8-11ec-b2ef-0242ac110003', '66d59b8e-eae8-11ec-b2ef-0242ac110003', 'creatorId', 'string', 0, NULL, NULL, NULL, 'oVZt25eB6ENHvRmotxTguK9lP0ng', NULL, '2022-06-13 15:14:02.033', '2022-06-13 15:14:02.033');
INSERT INTO `act_hi_varinst` VALUES ('66d72232-eae8-11ec-b2ef-0242ac110003', '66cb6252-eae8-11ec-b2ef-0242ac110003', '66cf32eb-eae8-11ec-b2ef-0242ac110003', '66d59b8e-eae8-11ec-b2ef-0242ac110003', 'sameDept', 'boolean', 0, NULL, NULL, 1, NULL, NULL, '2022-06-13 15:14:02.033', '2022-06-13 15:14:02.033');
INSERT INTO `act_hi_varinst` VALUES ('66d74943-eae8-11ec-b2ef-0242ac110003', '66cb6252-eae8-11ec-b2ef-0242ac110003', '66cf32eb-eae8-11ec-b2ef-0242ac110003', '66d59b8e-eae8-11ec-b2ef-0242ac110003', 'start', 'string', 0, NULL, NULL, NULL, '15:30:00', NULL, '2022-06-13 15:14:02.034', '2022-06-13 15:14:02.034');
INSERT INTO `act_hi_varinst` VALUES ('66d74944-eae8-11ec-b2ef-0242ac110003', '66cb6252-eae8-11ec-b2ef-0242ac110003', '66cf32eb-eae8-11ec-b2ef-0242ac110003', '66d59b8e-eae8-11ec-b2ef-0242ac110003', 'managerId', 'integer', 0, NULL, NULL, 21, '21', NULL, '2022-06-13 15:14:02.034', '2022-06-13 15:14:02.034');
INSERT INTO `act_hi_varinst` VALUES ('66d74945-eae8-11ec-b2ef-0242ac110003', '66cb6252-eae8-11ec-b2ef-0242ac110003', '66cf32eb-eae8-11ec-b2ef-0242ac110003', '66d59b8e-eae8-11ec-b2ef-0242ac110003', 'uuid', 'string', 0, NULL, NULL, NULL, '372b066a4d7f4215bd513af889f27a01', NULL, '2022-06-13 15:14:02.034', '2022-06-13 15:14:02.034');
INSERT INTO `act_hi_varinst` VALUES ('66d74946-eae8-11ec-b2ef-0242ac110003', '66cb6252-eae8-11ec-b2ef-0242ac110003', '66cf32eb-eae8-11ec-b2ef-0242ac110003', '66d59b8e-eae8-11ec-b2ef-0242ac110003', 'url', 'string', 0, NULL, NULL, NULL, 'http://172.20.10.2:8080/emos-wx-api/meeting/recieveNotify', NULL, '2022-06-13 15:14:02.034', '2022-06-13 15:14:02.034');
INSERT INTO `act_hi_varinst` VALUES ('6774c1c8-eae8-11ec-b2ef-0242ac110003', '66cb6252-eae8-11ec-b2ef-0242ac110003', '66cb6252-eae8-11ec-b2ef-0242ac110003', NULL, 'identity', 'string', 1, NULL, NULL, NULL, '员工', NULL, '2022-06-13 15:14:03.067', '2022-06-13 15:19:42.042');
INSERT INTO `act_hi_varinst` VALUES ('67973dec-eae8-11ec-b2ef-0242ac110003', '66cb6252-eae8-11ec-b2ef-0242ac110003', '66cf32eb-eae8-11ec-b2ef-0242ac110003', '6796c8bb-eae8-11ec-b2ef-0242ac110003', 'date', 'string', 0, NULL, NULL, NULL, '2022-06-13', NULL, '2022-06-13 15:14:03.293', '2022-06-13 15:14:03.293');
INSERT INTO `act_hi_varinst` VALUES ('679764fd-eae8-11ec-b2ef-0242ac110003', '66cb6252-eae8-11ec-b2ef-0242ac110003', '66cf32eb-eae8-11ec-b2ef-0242ac110003', '6796c8bb-eae8-11ec-b2ef-0242ac110003', 'gmId', 'integer', 0, NULL, NULL, 25, '25', NULL, '2022-06-13 15:14:03.293', '2022-06-13 15:14:03.293');
INSERT INTO `act_hi_varinst` VALUES ('679764fe-eae8-11ec-b2ef-0242ac110003', '66cb6252-eae8-11ec-b2ef-0242ac110003', '66cf32eb-eae8-11ec-b2ef-0242ac110003', '6796c8bb-eae8-11ec-b2ef-0242ac110003', 'identity', 'string', 0, NULL, NULL, NULL, '员工', NULL, '2022-06-13 15:14:03.293', '2022-06-13 15:14:03.293');
INSERT INTO `act_hi_varinst` VALUES ('679764ff-eae8-11ec-b2ef-0242ac110003', '66cb6252-eae8-11ec-b2ef-0242ac110003', '66cf32eb-eae8-11ec-b2ef-0242ac110003', '6796c8bb-eae8-11ec-b2ef-0242ac110003', 'start', 'string', 0, NULL, NULL, NULL, '15:30:00', NULL, '2022-06-13 15:14:03.293', '2022-06-13 15:14:03.293');
INSERT INTO `act_hi_varinst` VALUES ('67976500-eae8-11ec-b2ef-0242ac110003', '66cb6252-eae8-11ec-b2ef-0242ac110003', '66cf32eb-eae8-11ec-b2ef-0242ac110003', '6796c8bb-eae8-11ec-b2ef-0242ac110003', 'creatorId', 'string', 0, NULL, NULL, NULL, 'oVZt25eB6ENHvRmotxTguK9lP0ng', NULL, '2022-06-13 15:14:03.293', '2022-06-13 15:14:03.293');
INSERT INTO `act_hi_varinst` VALUES ('67976501-eae8-11ec-b2ef-0242ac110003', '66cb6252-eae8-11ec-b2ef-0242ac110003', '66cf32eb-eae8-11ec-b2ef-0242ac110003', '6796c8bb-eae8-11ec-b2ef-0242ac110003', 'sameDept', 'boolean', 0, NULL, NULL, 1, NULL, NULL, '2022-06-13 15:14:03.293', '2022-06-13 15:14:03.293');
INSERT INTO `act_hi_varinst` VALUES ('67976502-eae8-11ec-b2ef-0242ac110003', '66cb6252-eae8-11ec-b2ef-0242ac110003', '66cf32eb-eae8-11ec-b2ef-0242ac110003', '6796c8bb-eae8-11ec-b2ef-0242ac110003', 'managerId', 'integer', 0, NULL, NULL, 21, '21', NULL, '2022-06-13 15:14:03.293', '2022-06-13 15:14:03.293');
INSERT INTO `act_hi_varinst` VALUES ('67976503-eae8-11ec-b2ef-0242ac110003', '66cb6252-eae8-11ec-b2ef-0242ac110003', '66cf32eb-eae8-11ec-b2ef-0242ac110003', '6796c8bb-eae8-11ec-b2ef-0242ac110003', 'uuid', 'string', 0, NULL, NULL, NULL, '372b066a4d7f4215bd513af889f27a01', NULL, '2022-06-13 15:14:03.293', '2022-06-13 15:14:03.293');
INSERT INTO `act_hi_varinst` VALUES ('67976504-eae8-11ec-b2ef-0242ac110003', '66cb6252-eae8-11ec-b2ef-0242ac110003', '66cf32eb-eae8-11ec-b2ef-0242ac110003', '6796c8bb-eae8-11ec-b2ef-0242ac110003', 'url', 'string', 0, NULL, NULL, NULL, 'http://172.20.10.2:8080/emos-wx-api/meeting/recieveNotify', NULL, '2022-06-13 15:14:03.293', '2022-06-13 15:14:03.293');
INSERT INTO `act_hi_varinst` VALUES ('75564415-eae9-11ec-b2ef-0242ac110003', '75564414-eae9-11ec-b2ef-0242ac110003', '75564414-eae9-11ec-b2ef-0242ac110003', NULL, 'date', 'string', 2, NULL, NULL, NULL, '2022-06-13', NULL, '2022-06-13 15:21:35.851', '2022-06-13 15:21:48.010');
INSERT INTO `act_hi_varinst` VALUES ('75564416-eae9-11ec-b2ef-0242ac110003', '75564414-eae9-11ec-b2ef-0242ac110003', '75564414-eae9-11ec-b2ef-0242ac110003', NULL, 'gmId', 'integer', 2, NULL, NULL, 25, '25', NULL, '2022-06-13 15:21:35.851', '2022-06-13 15:21:48.016');
INSERT INTO `act_hi_varinst` VALUES ('75564417-eae9-11ec-b2ef-0242ac110003', '75564414-eae9-11ec-b2ef-0242ac110003', '75564414-eae9-11ec-b2ef-0242ac110003', NULL, 'creatorId', 'string', 2, NULL, NULL, NULL, 'oVZt25eB6ENHvRmotxTguK9lP0ng', NULL, '2022-06-13 15:21:35.851', '2022-06-13 15:21:48.024');
INSERT INTO `act_hi_varinst` VALUES ('75564418-eae9-11ec-b2ef-0242ac110003', '75564414-eae9-11ec-b2ef-0242ac110003', '75564414-eae9-11ec-b2ef-0242ac110003', NULL, 'sameDept', 'boolean', 2, NULL, NULL, 1, NULL, NULL, '2022-06-13 15:21:35.851', '2022-06-13 15:21:48.020');
INSERT INTO `act_hi_varinst` VALUES ('75564419-eae9-11ec-b2ef-0242ac110003', '75564414-eae9-11ec-b2ef-0242ac110003', '75564414-eae9-11ec-b2ef-0242ac110003', NULL, 'start', 'string', 2, NULL, NULL, NULL, '15:38:00', NULL, '2022-06-13 15:21:35.851', '2022-06-13 15:21:48.019');
INSERT INTO `act_hi_varinst` VALUES ('7556441a-eae9-11ec-b2ef-0242ac110003', '75564414-eae9-11ec-b2ef-0242ac110003', '75564414-eae9-11ec-b2ef-0242ac110003', NULL, 'managerId', 'integer', 2, NULL, NULL, 21, '21', NULL, '2022-06-13 15:21:35.851', '2022-06-13 15:21:48.030');
INSERT INTO `act_hi_varinst` VALUES ('7556441b-eae9-11ec-b2ef-0242ac110003', '75564414-eae9-11ec-b2ef-0242ac110003', '75564414-eae9-11ec-b2ef-0242ac110003', NULL, 'uuid', 'string', 2, NULL, NULL, NULL, '183b523571914ef9b48afa786d8eb0c2', NULL, '2022-06-13 15:21:35.851', '2022-06-13 15:21:48.032');
INSERT INTO `act_hi_varinst` VALUES ('7556441c-eae9-11ec-b2ef-0242ac110003', '75564414-eae9-11ec-b2ef-0242ac110003', '75564414-eae9-11ec-b2ef-0242ac110003', NULL, 'url', 'string', 2, NULL, NULL, NULL, 'http://172.20.10.2:8080/emos-wx-api/meeting/recieveNotify', NULL, '2022-06-13 15:21:35.851', '2022-06-13 15:21:48.034');
INSERT INTO `act_hi_varinst` VALUES ('75570771-eae9-11ec-b2ef-0242ac110003', '75564414-eae9-11ec-b2ef-0242ac110003', '75566b2d-eae9-11ec-b2ef-0242ac110003', '75566b30-eae9-11ec-b2ef-0242ac110003', 'date', 'string', 0, NULL, NULL, NULL, '2022-06-13', NULL, '2022-06-13 15:21:35.856', '2022-06-13 15:21:35.856');
INSERT INTO `act_hi_varinst` VALUES ('75570772-eae9-11ec-b2ef-0242ac110003', '75564414-eae9-11ec-b2ef-0242ac110003', '75566b2d-eae9-11ec-b2ef-0242ac110003', '75566b30-eae9-11ec-b2ef-0242ac110003', 'gmId', 'integer', 0, NULL, NULL, 25, '25', NULL, '2022-06-13 15:21:35.856', '2022-06-13 15:21:35.856');
INSERT INTO `act_hi_varinst` VALUES ('75570773-eae9-11ec-b2ef-0242ac110003', '75564414-eae9-11ec-b2ef-0242ac110003', '75566b2d-eae9-11ec-b2ef-0242ac110003', '75566b30-eae9-11ec-b2ef-0242ac110003', 'creatorId', 'string', 0, NULL, NULL, NULL, 'oVZt25eB6ENHvRmotxTguK9lP0ng', NULL, '2022-06-13 15:21:35.856', '2022-06-13 15:21:35.856');
INSERT INTO `act_hi_varinst` VALUES ('75572e84-eae9-11ec-b2ef-0242ac110003', '75564414-eae9-11ec-b2ef-0242ac110003', '75566b2d-eae9-11ec-b2ef-0242ac110003', '75566b30-eae9-11ec-b2ef-0242ac110003', 'sameDept', 'boolean', 0, NULL, NULL, 1, NULL, NULL, '2022-06-13 15:21:35.857', '2022-06-13 15:21:35.857');
INSERT INTO `act_hi_varinst` VALUES ('75572e85-eae9-11ec-b2ef-0242ac110003', '75564414-eae9-11ec-b2ef-0242ac110003', '75566b2d-eae9-11ec-b2ef-0242ac110003', '75566b30-eae9-11ec-b2ef-0242ac110003', 'start', 'string', 0, NULL, NULL, NULL, '15:38:00', NULL, '2022-06-13 15:21:35.857', '2022-06-13 15:21:35.857');
INSERT INTO `act_hi_varinst` VALUES ('75572e86-eae9-11ec-b2ef-0242ac110003', '75564414-eae9-11ec-b2ef-0242ac110003', '75566b2d-eae9-11ec-b2ef-0242ac110003', '75566b30-eae9-11ec-b2ef-0242ac110003', 'managerId', 'integer', 0, NULL, NULL, 21, '21', NULL, '2022-06-13 15:21:35.857', '2022-06-13 15:21:35.857');
INSERT INTO `act_hi_varinst` VALUES ('75572e87-eae9-11ec-b2ef-0242ac110003', '75564414-eae9-11ec-b2ef-0242ac110003', '75566b2d-eae9-11ec-b2ef-0242ac110003', '75566b30-eae9-11ec-b2ef-0242ac110003', 'uuid', 'string', 0, NULL, NULL, NULL, '183b523571914ef9b48afa786d8eb0c2', NULL, '2022-06-13 15:21:35.857', '2022-06-13 15:21:35.857');
INSERT INTO `act_hi_varinst` VALUES ('75572e88-eae9-11ec-b2ef-0242ac110003', '75564414-eae9-11ec-b2ef-0242ac110003', '75566b2d-eae9-11ec-b2ef-0242ac110003', '75566b30-eae9-11ec-b2ef-0242ac110003', 'url', 'string', 0, NULL, NULL, NULL, 'http://172.20.10.2:8080/emos-wx-api/meeting/recieveNotify', NULL, '2022-06-13 15:21:35.857', '2022-06-13 15:21:35.857');
INSERT INTO `act_hi_varinst` VALUES ('756e11ea-eae9-11ec-b2ef-0242ac110003', '75564414-eae9-11ec-b2ef-0242ac110003', '75564414-eae9-11ec-b2ef-0242ac110003', NULL, 'identity', 'string', 1, NULL, NULL, NULL, '员工', NULL, '2022-06-13 15:21:36.007', '2022-06-13 15:21:48.017');
INSERT INTO `act_hi_varinst` VALUES ('75769d6e-eae9-11ec-b2ef-0242ac110003', '75564414-eae9-11ec-b2ef-0242ac110003', '75566b2d-eae9-11ec-b2ef-0242ac110003', '7576765d-eae9-11ec-b2ef-0242ac110003', 'date', 'string', 0, NULL, NULL, NULL, '2022-06-13', NULL, '2022-06-13 15:21:36.063', '2022-06-13 15:21:36.063');
INSERT INTO `act_hi_varinst` VALUES ('75769d6f-eae9-11ec-b2ef-0242ac110003', '75564414-eae9-11ec-b2ef-0242ac110003', '75566b2d-eae9-11ec-b2ef-0242ac110003', '7576765d-eae9-11ec-b2ef-0242ac110003', 'gmId', 'integer', 0, NULL, NULL, 25, '25', NULL, '2022-06-13 15:21:36.063', '2022-06-13 15:21:36.063');
INSERT INTO `act_hi_varinst` VALUES ('75769d70-eae9-11ec-b2ef-0242ac110003', '75564414-eae9-11ec-b2ef-0242ac110003', '75566b2d-eae9-11ec-b2ef-0242ac110003', '7576765d-eae9-11ec-b2ef-0242ac110003', 'identity', 'string', 0, NULL, NULL, NULL, '员工', NULL, '2022-06-13 15:21:36.063', '2022-06-13 15:21:36.063');
INSERT INTO `act_hi_varinst` VALUES ('75769d71-eae9-11ec-b2ef-0242ac110003', '75564414-eae9-11ec-b2ef-0242ac110003', '75566b2d-eae9-11ec-b2ef-0242ac110003', '7576765d-eae9-11ec-b2ef-0242ac110003', 'start', 'string', 0, NULL, NULL, NULL, '15:38:00', NULL, '2022-06-13 15:21:36.063', '2022-06-13 15:21:36.063');
INSERT INTO `act_hi_varinst` VALUES ('75769d72-eae9-11ec-b2ef-0242ac110003', '75564414-eae9-11ec-b2ef-0242ac110003', '75566b2d-eae9-11ec-b2ef-0242ac110003', '7576765d-eae9-11ec-b2ef-0242ac110003', 'sameDept', 'boolean', 0, NULL, NULL, 1, NULL, NULL, '2022-06-13 15:21:36.063', '2022-06-13 15:21:36.063');
INSERT INTO `act_hi_varinst` VALUES ('7576c483-eae9-11ec-b2ef-0242ac110003', '75564414-eae9-11ec-b2ef-0242ac110003', '75566b2d-eae9-11ec-b2ef-0242ac110003', '7576765d-eae9-11ec-b2ef-0242ac110003', 'creatorId', 'string', 0, NULL, NULL, NULL, 'oVZt25eB6ENHvRmotxTguK9lP0ng', NULL, '2022-06-13 15:21:36.064', '2022-06-13 15:21:36.064');
INSERT INTO `act_hi_varinst` VALUES ('7576c484-eae9-11ec-b2ef-0242ac110003', '75564414-eae9-11ec-b2ef-0242ac110003', '75566b2d-eae9-11ec-b2ef-0242ac110003', '7576765d-eae9-11ec-b2ef-0242ac110003', 'managerId', 'integer', 0, NULL, NULL, 21, '21', NULL, '2022-06-13 15:21:36.064', '2022-06-13 15:21:36.064');
INSERT INTO `act_hi_varinst` VALUES ('7576c485-eae9-11ec-b2ef-0242ac110003', '75564414-eae9-11ec-b2ef-0242ac110003', '75566b2d-eae9-11ec-b2ef-0242ac110003', '7576765d-eae9-11ec-b2ef-0242ac110003', 'uuid', 'string', 0, NULL, NULL, NULL, '183b523571914ef9b48afa786d8eb0c2', NULL, '2022-06-13 15:21:36.064', '2022-06-13 15:21:36.064');
INSERT INTO `act_hi_varinst` VALUES ('7576c486-eae9-11ec-b2ef-0242ac110003', '75564414-eae9-11ec-b2ef-0242ac110003', '75566b2d-eae9-11ec-b2ef-0242ac110003', '7576765d-eae9-11ec-b2ef-0242ac110003', 'url', 'string', 0, NULL, NULL, NULL, 'http://172.20.10.2:8080/emos-wx-api/meeting/recieveNotify', NULL, '2022-06-13 15:21:36.064', '2022-06-13 15:21:36.064');
INSERT INTO `act_hi_varinst` VALUES ('7c8f5398-eae9-11ec-b2ef-0242ac110003', '75564414-eae9-11ec-b2ef-0242ac110003', '75566b2d-eae9-11ec-b2ef-0242ac110003', '7576765d-eae9-11ec-b2ef-0242ac110003', 'result', 'string', 0, NULL, NULL, NULL, '同意', NULL, '2022-06-13 15:21:47.969', '2022-06-13 15:21:47.969');
INSERT INTO `act_hi_varinst` VALUES ('7c959529-eae9-11ec-b2ef-0242ac110003', '75564414-eae9-11ec-b2ef-0242ac110003', '75564414-eae9-11ec-b2ef-0242ac110003', NULL, 'result', 'string', 0, NULL, NULL, NULL, '同意', NULL, '2022-06-13 15:21:48.010', '2022-06-13 15:21:48.010');
INSERT INTO `act_hi_varinst` VALUES ('882d56fd-eadc-11ec-b48e-0242ac110003', '8828ea2c-eadc-11ec-b48e-0242ac110003', '8828ea2c-eadc-11ec-b48e-0242ac110003', NULL, 'date', 'string', 2, NULL, NULL, NULL, '2022-06-13', NULL, '2022-06-13 13:49:04.002', '2022-06-13 13:49:25.310');
INSERT INTO `act_hi_varinst` VALUES ('882fef0e-eadc-11ec-b48e-0242ac110003', '8828ea2c-eadc-11ec-b48e-0242ac110003', '8828ea2c-eadc-11ec-b48e-0242ac110003', NULL, 'gmId', 'integer', 2, NULL, NULL, 25, '25', NULL, '2022-06-13 13:49:04.019', '2022-06-13 13:49:25.320');
INSERT INTO `act_hi_varinst` VALUES ('882fef0f-eadc-11ec-b48e-0242ac110003', '8828ea2c-eadc-11ec-b48e-0242ac110003', '8828ea2c-eadc-11ec-b48e-0242ac110003', NULL, 'creatorId', 'string', 2, NULL, NULL, NULL, 'oVZt25eB6ENHvRmotxTguK9lP0ng', NULL, '2022-06-13 13:49:04.019', '2022-06-13 13:49:25.332');
INSERT INTO `act_hi_varinst` VALUES ('882fef10-eadc-11ec-b48e-0242ac110003', '8828ea2c-eadc-11ec-b48e-0242ac110003', '8828ea2c-eadc-11ec-b48e-0242ac110003', NULL, 'sameDept', 'boolean', 2, NULL, NULL, 1, NULL, NULL, '2022-06-13 13:49:04.019', '2022-06-13 13:49:25.339');
INSERT INTO `act_hi_varinst` VALUES ('88301621-eadc-11ec-b48e-0242ac110003', '8828ea2c-eadc-11ec-b48e-0242ac110003', '8828ea2c-eadc-11ec-b48e-0242ac110003', NULL, 'start', 'string', 2, NULL, NULL, NULL, '14:18:00', NULL, '2022-06-13 13:49:04.030', '2022-06-13 13:49:25.326');
INSERT INTO `act_hi_varinst` VALUES ('88319cc2-eadc-11ec-b48e-0242ac110003', '8828ea2c-eadc-11ec-b48e-0242ac110003', '8828ea2c-eadc-11ec-b48e-0242ac110003', NULL, 'managerId', 'integer', 2, NULL, NULL, 21, '21', NULL, '2022-06-13 13:49:04.031', '2022-06-13 13:49:25.345');
INSERT INTO `act_hi_varinst` VALUES ('8831c3d3-eadc-11ec-b48e-0242ac110003', '8828ea2c-eadc-11ec-b48e-0242ac110003', '8828ea2c-eadc-11ec-b48e-0242ac110003', NULL, 'uuid', 'string', 2, NULL, NULL, NULL, 'b04245d97a9340ee966e547988512a1c', NULL, '2022-06-13 13:49:04.031', '2022-06-13 13:49:25.348');
INSERT INTO `act_hi_varinst` VALUES ('8831c3d4-eadc-11ec-b48e-0242ac110003', '8828ea2c-eadc-11ec-b48e-0242ac110003', '8828ea2c-eadc-11ec-b48e-0242ac110003', NULL, 'url', 'string', 2, NULL, NULL, NULL, 'http://172.20.10.2:8080/emos-wx-api/meeting/recieveNotify', NULL, '2022-06-13 13:49:04.031', '2022-06-13 13:49:25.355');
INSERT INTO `act_hi_varinst` VALUES ('884db049-eadc-11ec-b48e-0242ac110003', '8828ea2c-eadc-11ec-b48e-0242ac110003', '8831c3d5-eadc-11ec-b48e-0242ac110003', '88460f28-eadc-11ec-b48e-0242ac110003', 'date', 'string', 0, NULL, NULL, NULL, '2022-06-13', NULL, '2022-06-13 13:49:04.214', '2022-06-13 13:49:04.214');
INSERT INTO `act_hi_varinst` VALUES ('884db04a-eadc-11ec-b48e-0242ac110003', '8828ea2c-eadc-11ec-b48e-0242ac110003', '8831c3d5-eadc-11ec-b48e-0242ac110003', '88460f28-eadc-11ec-b48e-0242ac110003', 'gmId', 'integer', 0, NULL, NULL, 25, '25', NULL, '2022-06-13 13:49:04.214', '2022-06-13 13:49:04.214');
INSERT INTO `act_hi_varinst` VALUES ('884db04b-eadc-11ec-b48e-0242ac110003', '8828ea2c-eadc-11ec-b48e-0242ac110003', '8831c3d5-eadc-11ec-b48e-0242ac110003', '88460f28-eadc-11ec-b48e-0242ac110003', 'creatorId', 'string', 0, NULL, NULL, NULL, 'oVZt25eB6ENHvRmotxTguK9lP0ng', NULL, '2022-06-13 13:49:04.215', '2022-06-13 13:49:04.215');
INSERT INTO `act_hi_varinst` VALUES ('884dd75c-eadc-11ec-b48e-0242ac110003', '8828ea2c-eadc-11ec-b48e-0242ac110003', '8831c3d5-eadc-11ec-b48e-0242ac110003', '88460f28-eadc-11ec-b48e-0242ac110003', 'sameDept', 'boolean', 0, NULL, NULL, 1, NULL, NULL, '2022-06-13 13:49:04.215', '2022-06-13 13:49:04.215');
INSERT INTO `act_hi_varinst` VALUES ('884dd75d-eadc-11ec-b48e-0242ac110003', '8828ea2c-eadc-11ec-b48e-0242ac110003', '8831c3d5-eadc-11ec-b48e-0242ac110003', '88460f28-eadc-11ec-b48e-0242ac110003', 'start', 'string', 0, NULL, NULL, NULL, '14:18:00', NULL, '2022-06-13 13:49:04.215', '2022-06-13 13:49:04.215');
INSERT INTO `act_hi_varinst` VALUES ('884dd75e-eadc-11ec-b48e-0242ac110003', '8828ea2c-eadc-11ec-b48e-0242ac110003', '8831c3d5-eadc-11ec-b48e-0242ac110003', '88460f28-eadc-11ec-b48e-0242ac110003', 'managerId', 'integer', 0, NULL, NULL, 21, '21', NULL, '2022-06-13 13:49:04.215', '2022-06-13 13:49:04.215');
INSERT INTO `act_hi_varinst` VALUES ('884dd75f-eadc-11ec-b48e-0242ac110003', '8828ea2c-eadc-11ec-b48e-0242ac110003', '8831c3d5-eadc-11ec-b48e-0242ac110003', '88460f28-eadc-11ec-b48e-0242ac110003', 'uuid', 'string', 0, NULL, NULL, NULL, 'b04245d97a9340ee966e547988512a1c', NULL, '2022-06-13 13:49:04.215', '2022-06-13 13:49:04.215');
INSERT INTO `act_hi_varinst` VALUES ('884dd760-eadc-11ec-b48e-0242ac110003', '8828ea2c-eadc-11ec-b48e-0242ac110003', '8831c3d5-eadc-11ec-b48e-0242ac110003', '88460f28-eadc-11ec-b48e-0242ac110003', 'url', 'string', 0, NULL, NULL, NULL, 'http://172.20.10.2:8080/emos-wx-api/meeting/recieveNotify', NULL, '2022-06-13 13:49:04.215', '2022-06-13 13:49:04.215');
INSERT INTO `act_hi_varinst` VALUES ('891e94e2-eadc-11ec-b48e-0242ac110003', '8828ea2c-eadc-11ec-b48e-0242ac110003', '8828ea2c-eadc-11ec-b48e-0242ac110003', NULL, 'identity', 'string', 1, NULL, NULL, NULL, '员工', NULL, '2022-06-13 13:49:05.583', '2022-06-13 13:49:25.324');
INSERT INTO `act_hi_varinst` VALUES ('894a5fd6-eadc-11ec-b48e-0242ac110003', '8828ea2c-eadc-11ec-b48e-0242ac110003', '8831c3d5-eadc-11ec-b48e-0242ac110003', '8949eaa5-eadc-11ec-b48e-0242ac110003', 'date', 'string', 0, NULL, NULL, NULL, '2022-06-13', NULL, '2022-06-13 13:49:05.870', '2022-06-13 13:49:05.870');
INSERT INTO `act_hi_varinst` VALUES ('894a5fd7-eadc-11ec-b48e-0242ac110003', '8828ea2c-eadc-11ec-b48e-0242ac110003', '8831c3d5-eadc-11ec-b48e-0242ac110003', '8949eaa5-eadc-11ec-b48e-0242ac110003', 'gmId', 'integer', 0, NULL, NULL, 25, '25', NULL, '2022-06-13 13:49:05.870', '2022-06-13 13:49:05.870');
INSERT INTO `act_hi_varinst` VALUES ('894aadf8-eadc-11ec-b48e-0242ac110003', '8828ea2c-eadc-11ec-b48e-0242ac110003', '8831c3d5-eadc-11ec-b48e-0242ac110003', '8949eaa5-eadc-11ec-b48e-0242ac110003', 'identity', 'string', 0, NULL, NULL, NULL, '员工', NULL, '2022-06-13 13:49:05.872', '2022-06-13 13:49:05.872');
INSERT INTO `act_hi_varinst` VALUES ('894aadf9-eadc-11ec-b48e-0242ac110003', '8828ea2c-eadc-11ec-b48e-0242ac110003', '8831c3d5-eadc-11ec-b48e-0242ac110003', '8949eaa5-eadc-11ec-b48e-0242ac110003', 'start', 'string', 0, NULL, NULL, NULL, '14:18:00', NULL, '2022-06-13 13:49:05.872', '2022-06-13 13:49:05.872');
INSERT INTO `act_hi_varinst` VALUES ('894aadfa-eadc-11ec-b48e-0242ac110003', '8828ea2c-eadc-11ec-b48e-0242ac110003', '8831c3d5-eadc-11ec-b48e-0242ac110003', '8949eaa5-eadc-11ec-b48e-0242ac110003', 'creatorId', 'string', 0, NULL, NULL, NULL, 'oVZt25eB6ENHvRmotxTguK9lP0ng', NULL, '2022-06-13 13:49:05.872', '2022-06-13 13:49:05.872');
INSERT INTO `act_hi_varinst` VALUES ('894ad50b-eadc-11ec-b48e-0242ac110003', '8828ea2c-eadc-11ec-b48e-0242ac110003', '8831c3d5-eadc-11ec-b48e-0242ac110003', '8949eaa5-eadc-11ec-b48e-0242ac110003', 'sameDept', 'boolean', 0, NULL, NULL, 1, NULL, NULL, '2022-06-13 13:49:05.873', '2022-06-13 13:49:05.873');
INSERT INTO `act_hi_varinst` VALUES ('894ad50c-eadc-11ec-b48e-0242ac110003', '8828ea2c-eadc-11ec-b48e-0242ac110003', '8831c3d5-eadc-11ec-b48e-0242ac110003', '8949eaa5-eadc-11ec-b48e-0242ac110003', 'managerId', 'integer', 0, NULL, NULL, 21, '21', NULL, '2022-06-13 13:49:05.873', '2022-06-13 13:49:05.873');
INSERT INTO `act_hi_varinst` VALUES ('894ad50d-eadc-11ec-b48e-0242ac110003', '8828ea2c-eadc-11ec-b48e-0242ac110003', '8831c3d5-eadc-11ec-b48e-0242ac110003', '8949eaa5-eadc-11ec-b48e-0242ac110003', 'uuid', 'string', 0, NULL, NULL, NULL, 'b04245d97a9340ee966e547988512a1c', NULL, '2022-06-13 13:49:05.873', '2022-06-13 13:49:05.873');
INSERT INTO `act_hi_varinst` VALUES ('894afc1e-eadc-11ec-b48e-0242ac110003', '8828ea2c-eadc-11ec-b48e-0242ac110003', '8831c3d5-eadc-11ec-b48e-0242ac110003', '8949eaa5-eadc-11ec-b48e-0242ac110003', 'url', 'string', 0, NULL, NULL, NULL, 'http://172.20.10.2:8080/emos-wx-api/meeting/recieveNotify', NULL, '2022-06-13 13:49:05.874', '2022-06-13 13:49:05.874');
INSERT INTO `act_hi_varinst` VALUES ('8a46123f-eade-11ec-b48e-0242ac110003', '8a46123e-eade-11ec-b48e-0242ac110003', '8a46123e-eade-11ec-b48e-0242ac110003', NULL, 'date', 'string', 2, NULL, NULL, NULL, '2022-06-13', NULL, '2022-06-13 14:03:26.513', '2022-06-13 14:03:41.330');
INSERT INTO `act_hi_varinst` VALUES ('8a463950-eade-11ec-b48e-0242ac110003', '8a46123e-eade-11ec-b48e-0242ac110003', '8a46123e-eade-11ec-b48e-0242ac110003', NULL, 'gmId', 'integer', 2, NULL, NULL, 25, '25', NULL, '2022-06-13 14:03:26.514', '2022-06-13 14:03:41.336');
INSERT INTO `act_hi_varinst` VALUES ('8a463951-eade-11ec-b48e-0242ac110003', '8a46123e-eade-11ec-b48e-0242ac110003', '8a46123e-eade-11ec-b48e-0242ac110003', NULL, 'creatorId', 'string', 2, NULL, NULL, NULL, 'oVZt25eB6ENHvRmotxTguK9lP0ng', NULL, '2022-06-13 14:03:26.514', '2022-06-13 14:03:41.341');
INSERT INTO `act_hi_varinst` VALUES ('8a463952-eade-11ec-b48e-0242ac110003', '8a46123e-eade-11ec-b48e-0242ac110003', '8a46123e-eade-11ec-b48e-0242ac110003', NULL, 'sameDept', 'boolean', 2, NULL, NULL, 1, NULL, NULL, '2022-06-13 14:03:26.514', '2022-06-13 14:03:41.340');
INSERT INTO `act_hi_varinst` VALUES ('8a463953-eade-11ec-b48e-0242ac110003', '8a46123e-eade-11ec-b48e-0242ac110003', '8a46123e-eade-11ec-b48e-0242ac110003', NULL, 'start', 'string', 2, NULL, NULL, NULL, '14:32:00', NULL, '2022-06-13 14:03:26.514', '2022-06-13 14:03:41.343');
INSERT INTO `act_hi_varinst` VALUES ('8a466064-eade-11ec-b48e-0242ac110003', '8a46123e-eade-11ec-b48e-0242ac110003', '8a46123e-eade-11ec-b48e-0242ac110003', NULL, 'managerId', 'integer', 2, NULL, NULL, 21, '21', NULL, '2022-06-13 14:03:26.515', '2022-06-13 14:03:41.344');
INSERT INTO `act_hi_varinst` VALUES ('8a466065-eade-11ec-b48e-0242ac110003', '8a46123e-eade-11ec-b48e-0242ac110003', '8a46123e-eade-11ec-b48e-0242ac110003', NULL, 'uuid', 'string', 2, NULL, NULL, NULL, 'ba1b2c6a51434281988b38b2c78258d6', NULL, '2022-06-13 14:03:26.515', '2022-06-13 14:03:41.345');
INSERT INTO `act_hi_varinst` VALUES ('8a466066-eade-11ec-b48e-0242ac110003', '8a46123e-eade-11ec-b48e-0242ac110003', '8a46123e-eade-11ec-b48e-0242ac110003', NULL, 'url', 'string', 2, NULL, NULL, NULL, 'http://172.20.10.2:8080/emos-wx-api/meeting/recieveNotify', NULL, '2022-06-13 14:03:26.515', '2022-06-13 14:03:41.346');
INSERT INTO `act_hi_varinst` VALUES ('8a4798eb-eade-11ec-b48e-0242ac110003', '8a46123e-eade-11ec-b48e-0242ac110003', '8a466067-eade-11ec-b48e-0242ac110003', '8a46877a-eade-11ec-b48e-0242ac110003', 'date', 'string', 0, NULL, NULL, NULL, '2022-06-13', NULL, '2022-06-13 14:03:26.523', '2022-06-13 14:03:26.523');
INSERT INTO `act_hi_varinst` VALUES ('8a4798ec-eade-11ec-b48e-0242ac110003', '8a46123e-eade-11ec-b48e-0242ac110003', '8a466067-eade-11ec-b48e-0242ac110003', '8a46877a-eade-11ec-b48e-0242ac110003', 'gmId', 'integer', 0, NULL, NULL, 25, '25', NULL, '2022-06-13 14:03:26.523', '2022-06-13 14:03:26.523');
INSERT INTO `act_hi_varinst` VALUES ('8a4798ed-eade-11ec-b48e-0242ac110003', '8a46123e-eade-11ec-b48e-0242ac110003', '8a466067-eade-11ec-b48e-0242ac110003', '8a46877a-eade-11ec-b48e-0242ac110003', 'creatorId', 'string', 0, NULL, NULL, NULL, 'oVZt25eB6ENHvRmotxTguK9lP0ng', NULL, '2022-06-13 14:03:26.523', '2022-06-13 14:03:26.523');
INSERT INTO `act_hi_varinst` VALUES ('8a4798ee-eade-11ec-b48e-0242ac110003', '8a46123e-eade-11ec-b48e-0242ac110003', '8a466067-eade-11ec-b48e-0242ac110003', '8a46877a-eade-11ec-b48e-0242ac110003', 'sameDept', 'boolean', 0, NULL, NULL, 1, NULL, NULL, '2022-06-13 14:03:26.523', '2022-06-13 14:03:26.523');
INSERT INTO `act_hi_varinst` VALUES ('8a47bfff-eade-11ec-b48e-0242ac110003', '8a46123e-eade-11ec-b48e-0242ac110003', '8a466067-eade-11ec-b48e-0242ac110003', '8a46877a-eade-11ec-b48e-0242ac110003', 'start', 'string', 0, NULL, NULL, NULL, '14:32:00', NULL, '2022-06-13 14:03:26.524', '2022-06-13 14:03:26.524');
INSERT INTO `act_hi_varinst` VALUES ('8a47c000-eade-11ec-b48e-0242ac110003', '8a46123e-eade-11ec-b48e-0242ac110003', '8a466067-eade-11ec-b48e-0242ac110003', '8a46877a-eade-11ec-b48e-0242ac110003', 'managerId', 'integer', 0, NULL, NULL, 21, '21', NULL, '2022-06-13 14:03:26.524', '2022-06-13 14:03:26.524');
INSERT INTO `act_hi_varinst` VALUES ('8a47c001-eade-11ec-b48e-0242ac110003', '8a46123e-eade-11ec-b48e-0242ac110003', '8a466067-eade-11ec-b48e-0242ac110003', '8a46877a-eade-11ec-b48e-0242ac110003', 'uuid', 'string', 0, NULL, NULL, NULL, 'ba1b2c6a51434281988b38b2c78258d6', NULL, '2022-06-13 14:03:26.524', '2022-06-13 14:03:26.524');
INSERT INTO `act_hi_varinst` VALUES ('8a47c002-eade-11ec-b48e-0242ac110003', '8a46123e-eade-11ec-b48e-0242ac110003', '8a466067-eade-11ec-b48e-0242ac110003', '8a46877a-eade-11ec-b48e-0242ac110003', 'url', 'string', 0, NULL, NULL, NULL, 'http://172.20.10.2:8080/emos-wx-api/meeting/recieveNotify', NULL, '2022-06-13 14:03:26.524', '2022-06-13 14:03:26.524');
INSERT INTO `act_hi_varinst` VALUES ('8a856544-eade-11ec-b48e-0242ac110003', '8a46123e-eade-11ec-b48e-0242ac110003', '8a46123e-eade-11ec-b48e-0242ac110003', NULL, 'identity', 'string', 1, NULL, NULL, NULL, '员工', NULL, '2022-06-13 14:03:26.928', '2022-06-13 14:03:41.339');
INSERT INTO `act_hi_varinst` VALUES ('8a98c638-eade-11ec-b48e-0242ac110003', '8a46123e-eade-11ec-b48e-0242ac110003', '8a466067-eade-11ec-b48e-0242ac110003', '8a962e27-eade-11ec-b48e-0242ac110003', 'date', 'string', 0, NULL, NULL, NULL, '2022-06-13', NULL, '2022-06-13 14:03:27.055', '2022-06-13 14:03:27.055');
INSERT INTO `act_hi_varinst` VALUES ('8a98c639-eade-11ec-b48e-0242ac110003', '8a46123e-eade-11ec-b48e-0242ac110003', '8a466067-eade-11ec-b48e-0242ac110003', '8a962e27-eade-11ec-b48e-0242ac110003', 'gmId', 'integer', 0, NULL, NULL, 25, '25', NULL, '2022-06-13 14:03:27.056', '2022-06-13 14:03:27.056');
INSERT INTO `act_hi_varinst` VALUES ('8a98ed4a-eade-11ec-b48e-0242ac110003', '8a46123e-eade-11ec-b48e-0242ac110003', '8a466067-eade-11ec-b48e-0242ac110003', '8a962e27-eade-11ec-b48e-0242ac110003', 'identity', 'string', 0, NULL, NULL, NULL, '员工', NULL, '2022-06-13 14:03:27.056', '2022-06-13 14:03:27.056');
INSERT INTO `act_hi_varinst` VALUES ('8a98ed4b-eade-11ec-b48e-0242ac110003', '8a46123e-eade-11ec-b48e-0242ac110003', '8a466067-eade-11ec-b48e-0242ac110003', '8a962e27-eade-11ec-b48e-0242ac110003', 'sameDept', 'boolean', 0, NULL, NULL, 1, NULL, NULL, '2022-06-13 14:03:27.056', '2022-06-13 14:03:27.056');
INSERT INTO `act_hi_varinst` VALUES ('8a99145c-eade-11ec-b48e-0242ac110003', '8a46123e-eade-11ec-b48e-0242ac110003', '8a466067-eade-11ec-b48e-0242ac110003', '8a962e27-eade-11ec-b48e-0242ac110003', 'creatorId', 'string', 0, NULL, NULL, NULL, 'oVZt25eB6ENHvRmotxTguK9lP0ng', NULL, '2022-06-13 14:03:27.057', '2022-06-13 14:03:27.057');
INSERT INTO `act_hi_varinst` VALUES ('8a99145d-eade-11ec-b48e-0242ac110003', '8a46123e-eade-11ec-b48e-0242ac110003', '8a466067-eade-11ec-b48e-0242ac110003', '8a962e27-eade-11ec-b48e-0242ac110003', 'start', 'string', 0, NULL, NULL, NULL, '14:32:00', NULL, '2022-06-13 14:03:27.057', '2022-06-13 14:03:27.057');
INSERT INTO `act_hi_varinst` VALUES ('8a99145e-eade-11ec-b48e-0242ac110003', '8a46123e-eade-11ec-b48e-0242ac110003', '8a466067-eade-11ec-b48e-0242ac110003', '8a962e27-eade-11ec-b48e-0242ac110003', 'managerId', 'integer', 0, NULL, NULL, 21, '21', NULL, '2022-06-13 14:03:27.057', '2022-06-13 14:03:27.057');
INSERT INTO `act_hi_varinst` VALUES ('8a993b6f-eade-11ec-b48e-0242ac110003', '8a46123e-eade-11ec-b48e-0242ac110003', '8a466067-eade-11ec-b48e-0242ac110003', '8a962e27-eade-11ec-b48e-0242ac110003', 'uuid', 'string', 0, NULL, NULL, NULL, 'ba1b2c6a51434281988b38b2c78258d6', NULL, '2022-06-13 14:03:27.058', '2022-06-13 14:03:27.058');
INSERT INTO `act_hi_varinst` VALUES ('8a993b70-eade-11ec-b48e-0242ac110003', '8a46123e-eade-11ec-b48e-0242ac110003', '8a466067-eade-11ec-b48e-0242ac110003', '8a962e27-eade-11ec-b48e-0242ac110003', 'url', 'string', 0, NULL, NULL, NULL, 'http://172.20.10.2:8080/emos-wx-api/meeting/recieveNotify', NULL, '2022-06-13 14:03:27.058', '2022-06-13 14:03:27.058');
INSERT INTO `act_hi_varinst` VALUES ('8fabd0e0-f383-11ec-9a3b-0242ac110004', '8fabd0df-f383-11ec-9a3b-0242ac110004', '8fabd0df-f383-11ec-9a3b-0242ac110004', NULL, 'date', 'string', 2, NULL, NULL, NULL, '2022-06-24', NULL, '2022-06-24 14:04:51.832', '2022-06-24 14:05:03.299');
INSERT INTO `act_hi_varinst` VALUES ('8fabf7f1-f383-11ec-9a3b-0242ac110004', '8fabd0df-f383-11ec-9a3b-0242ac110004', '8fabd0df-f383-11ec-9a3b-0242ac110004', NULL, 'gmId', 'integer', 2, NULL, NULL, 25, '25', NULL, '2022-06-24 14:04:51.832', '2022-06-24 14:05:03.302');
INSERT INTO `act_hi_varinst` VALUES ('8fabf7f2-f383-11ec-9a3b-0242ac110004', '8fabd0df-f383-11ec-9a3b-0242ac110004', '8fabd0df-f383-11ec-9a3b-0242ac110004', NULL, 'creatorId', 'string', 2, NULL, NULL, NULL, 'oVZt25eB6ENHvRmotxTguK9lP0ng', NULL, '2022-06-24 14:04:51.832', '2022-06-24 14:05:03.310');
INSERT INTO `act_hi_varinst` VALUES ('8fabf7f3-f383-11ec-9a3b-0242ac110004', '8fabd0df-f383-11ec-9a3b-0242ac110004', '8fabd0df-f383-11ec-9a3b-0242ac110004', NULL, 'sameDept', 'boolean', 2, NULL, NULL, 1, NULL, NULL, '2022-06-24 14:04:51.832', '2022-06-24 14:05:03.323');
INSERT INTO `act_hi_varinst` VALUES ('8fabf7f4-f383-11ec-9a3b-0242ac110004', '8fabd0df-f383-11ec-9a3b-0242ac110004', '8fabd0df-f383-11ec-9a3b-0242ac110004', NULL, 'start', 'string', 2, NULL, NULL, NULL, '14:34:00', NULL, '2022-06-24 14:04:51.832', '2022-06-24 14:05:03.330');
INSERT INTO `act_hi_varinst` VALUES ('8fabf7f5-f383-11ec-9a3b-0242ac110004', '8fabd0df-f383-11ec-9a3b-0242ac110004', '8fabd0df-f383-11ec-9a3b-0242ac110004', NULL, 'managerId', 'integer', 2, NULL, NULL, 21, '21', NULL, '2022-06-24 14:04:51.832', '2022-06-24 14:05:03.338');
INSERT INTO `act_hi_varinst` VALUES ('8fabf7f6-f383-11ec-9a3b-0242ac110004', '8fabd0df-f383-11ec-9a3b-0242ac110004', '8fabd0df-f383-11ec-9a3b-0242ac110004', NULL, 'uuid', 'string', 2, NULL, NULL, NULL, '8d8215ba78f34a86a2f39b55d9cd3b05', NULL, '2022-06-24 14:04:51.833', '2022-06-24 14:05:03.346');
INSERT INTO `act_hi_varinst` VALUES ('8fac1f07-f383-11ec-9a3b-0242ac110004', '8fabd0df-f383-11ec-9a3b-0242ac110004', '8fabd0df-f383-11ec-9a3b-0242ac110004', NULL, 'url', 'string', 2, NULL, NULL, NULL, 'http://172.20.10.2:8080/emos-wx-api/meeting/recieveNotify', NULL, '2022-06-24 14:04:51.833', '2022-06-24 14:05:03.354');
INSERT INTO `act_hi_varinst` VALUES ('8fac943c-f383-11ec-9a3b-0242ac110004', '8fabd0df-f383-11ec-9a3b-0242ac110004', '8fac1f08-f383-11ec-9a3b-0242ac110004', '8fac461b-f383-11ec-9a3b-0242ac110004', 'date', 'string', 0, NULL, NULL, NULL, '2022-06-24', NULL, '2022-06-24 14:04:51.836', '2022-06-24 14:04:51.836');
INSERT INTO `act_hi_varinst` VALUES ('8fac943d-f383-11ec-9a3b-0242ac110004', '8fabd0df-f383-11ec-9a3b-0242ac110004', '8fac1f08-f383-11ec-9a3b-0242ac110004', '8fac461b-f383-11ec-9a3b-0242ac110004', 'gmId', 'integer', 0, NULL, NULL, 25, '25', NULL, '2022-06-24 14:04:51.836', '2022-06-24 14:04:51.836');
INSERT INTO `act_hi_varinst` VALUES ('8fac943e-f383-11ec-9a3b-0242ac110004', '8fabd0df-f383-11ec-9a3b-0242ac110004', '8fac1f08-f383-11ec-9a3b-0242ac110004', '8fac461b-f383-11ec-9a3b-0242ac110004', 'creatorId', 'string', 0, NULL, NULL, NULL, 'oVZt25eB6ENHvRmotxTguK9lP0ng', NULL, '2022-06-24 14:04:51.837', '2022-06-24 14:04:51.837');
INSERT INTO `act_hi_varinst` VALUES ('8facbb4f-f383-11ec-9a3b-0242ac110004', '8fabd0df-f383-11ec-9a3b-0242ac110004', '8fac1f08-f383-11ec-9a3b-0242ac110004', '8fac461b-f383-11ec-9a3b-0242ac110004', 'sameDept', 'boolean', 0, NULL, NULL, 1, NULL, NULL, '2022-06-24 14:04:51.837', '2022-06-24 14:04:51.837');
INSERT INTO `act_hi_varinst` VALUES ('8facbb50-f383-11ec-9a3b-0242ac110004', '8fabd0df-f383-11ec-9a3b-0242ac110004', '8fac1f08-f383-11ec-9a3b-0242ac110004', '8fac461b-f383-11ec-9a3b-0242ac110004', 'start', 'string', 0, NULL, NULL, NULL, '14:34:00', NULL, '2022-06-24 14:04:51.837', '2022-06-24 14:04:51.837');
INSERT INTO `act_hi_varinst` VALUES ('8facbb51-f383-11ec-9a3b-0242ac110004', '8fabd0df-f383-11ec-9a3b-0242ac110004', '8fac1f08-f383-11ec-9a3b-0242ac110004', '8fac461b-f383-11ec-9a3b-0242ac110004', 'managerId', 'integer', 0, NULL, NULL, 21, '21', NULL, '2022-06-24 14:04:51.837', '2022-06-24 14:04:51.837');
INSERT INTO `act_hi_varinst` VALUES ('8facbb52-f383-11ec-9a3b-0242ac110004', '8fabd0df-f383-11ec-9a3b-0242ac110004', '8fac1f08-f383-11ec-9a3b-0242ac110004', '8fac461b-f383-11ec-9a3b-0242ac110004', 'uuid', 'string', 0, NULL, NULL, NULL, '8d8215ba78f34a86a2f39b55d9cd3b05', NULL, '2022-06-24 14:04:51.837', '2022-06-24 14:04:51.837');
INSERT INTO `act_hi_varinst` VALUES ('8face263-f383-11ec-9a3b-0242ac110004', '8fabd0df-f383-11ec-9a3b-0242ac110004', '8fac1f08-f383-11ec-9a3b-0242ac110004', '8fac461b-f383-11ec-9a3b-0242ac110004', 'url', 'string', 0, NULL, NULL, NULL, 'http://172.20.10.2:8080/emos-wx-api/meeting/recieveNotify', NULL, '2022-06-24 14:04:51.838', '2022-06-24 14:04:51.838');
INSERT INTO `act_hi_varinst` VALUES ('8fe09c95-f383-11ec-9a3b-0242ac110004', '8fabd0df-f383-11ec-9a3b-0242ac110004', '8fabd0df-f383-11ec-9a3b-0242ac110004', NULL, 'identity', 'string', 1, NULL, NULL, NULL, '员工', NULL, '2022-06-24 14:04:52.177', '2022-06-24 14:05:03.306');
INSERT INTO `act_hi_varinst` VALUES ('8fef4299-f383-11ec-9a3b-0242ac110004', '8fabd0df-f383-11ec-9a3b-0242ac110004', '8fac1f08-f383-11ec-9a3b-0242ac110004', '8fee5838-f383-11ec-9a3b-0242ac110004', 'date', 'string', 0, NULL, NULL, NULL, '2022-06-24', NULL, '2022-06-24 14:04:52.273', '2022-06-24 14:04:52.273');
INSERT INTO `act_hi_varinst` VALUES ('8fef429a-f383-11ec-9a3b-0242ac110004', '8fabd0df-f383-11ec-9a3b-0242ac110004', '8fac1f08-f383-11ec-9a3b-0242ac110004', '8fee5838-f383-11ec-9a3b-0242ac110004', 'gmId', 'integer', 0, NULL, NULL, 25, '25', NULL, '2022-06-24 14:04:52.274', '2022-06-24 14:04:52.274');
INSERT INTO `act_hi_varinst` VALUES ('8fef69ab-f383-11ec-9a3b-0242ac110004', '8fabd0df-f383-11ec-9a3b-0242ac110004', '8fac1f08-f383-11ec-9a3b-0242ac110004', '8fee5838-f383-11ec-9a3b-0242ac110004', 'identity', 'string', 0, NULL, NULL, NULL, '员工', NULL, '2022-06-24 14:04:52.274', '2022-06-24 14:04:52.274');
INSERT INTO `act_hi_varinst` VALUES ('8fef69ac-f383-11ec-9a3b-0242ac110004', '8fabd0df-f383-11ec-9a3b-0242ac110004', '8fac1f08-f383-11ec-9a3b-0242ac110004', '8fee5838-f383-11ec-9a3b-0242ac110004', 'creatorId', 'string', 0, NULL, NULL, NULL, 'oVZt25eB6ENHvRmotxTguK9lP0ng', NULL, '2022-06-24 14:04:52.274', '2022-06-24 14:04:52.274');
INSERT INTO `act_hi_varinst` VALUES ('8fef69ad-f383-11ec-9a3b-0242ac110004', '8fabd0df-f383-11ec-9a3b-0242ac110004', '8fac1f08-f383-11ec-9a3b-0242ac110004', '8fee5838-f383-11ec-9a3b-0242ac110004', 'sameDept', 'boolean', 0, NULL, NULL, 1, NULL, NULL, '2022-06-24 14:04:52.274', '2022-06-24 14:04:52.274');
INSERT INTO `act_hi_varinst` VALUES ('8fef90be-f383-11ec-9a3b-0242ac110004', '8fabd0df-f383-11ec-9a3b-0242ac110004', '8fac1f08-f383-11ec-9a3b-0242ac110004', '8fee5838-f383-11ec-9a3b-0242ac110004', 'start', 'string', 0, NULL, NULL, NULL, '14:34:00', NULL, '2022-06-24 14:04:52.275', '2022-06-24 14:04:52.275');
INSERT INTO `act_hi_varinst` VALUES ('8fef90bf-f383-11ec-9a3b-0242ac110004', '8fabd0df-f383-11ec-9a3b-0242ac110004', '8fac1f08-f383-11ec-9a3b-0242ac110004', '8fee5838-f383-11ec-9a3b-0242ac110004', 'managerId', 'integer', 0, NULL, NULL, 21, '21', NULL, '2022-06-24 14:04:52.275', '2022-06-24 14:04:52.275');
INSERT INTO `act_hi_varinst` VALUES ('8fef90c0-f383-11ec-9a3b-0242ac110004', '8fabd0df-f383-11ec-9a3b-0242ac110004', '8fac1f08-f383-11ec-9a3b-0242ac110004', '8fee5838-f383-11ec-9a3b-0242ac110004', 'uuid', 'string', 0, NULL, NULL, NULL, '8d8215ba78f34a86a2f39b55d9cd3b05', NULL, '2022-06-24 14:04:52.275', '2022-06-24 14:04:52.275');
INSERT INTO `act_hi_varinst` VALUES ('8fefb7d1-f383-11ec-9a3b-0242ac110004', '8fabd0df-f383-11ec-9a3b-0242ac110004', '8fac1f08-f383-11ec-9a3b-0242ac110004', '8fee5838-f383-11ec-9a3b-0242ac110004', 'url', 'string', 0, NULL, NULL, NULL, 'http://172.20.10.2:8080/emos-wx-api/meeting/recieveNotify', NULL, '2022-06-24 14:04:52.276', '2022-06-24 14:04:52.276');
INSERT INTO `act_hi_varinst` VALUES ('9316d8c2-eade-11ec-b48e-0242ac110003', '8a46123e-eade-11ec-b48e-0242ac110003', '8a466067-eade-11ec-b48e-0242ac110003', '8a962e27-eade-11ec-b48e-0242ac110003', 'result', 'string', 0, NULL, NULL, NULL, '同意', NULL, '2022-06-13 14:03:41.303', '2022-06-13 14:03:41.303');
INSERT INTO `act_hi_varinst` VALUES ('931af773-eade-11ec-b48e-0242ac110003', '8a46123e-eade-11ec-b48e-0242ac110003', '8a46123e-eade-11ec-b48e-0242ac110003', NULL, 'result', 'string', 0, NULL, NULL, NULL, '同意', NULL, '2022-06-13 14:03:41.330', '2022-06-13 14:03:41.330');
INSERT INTO `act_hi_varinst` VALUES ('94d8e5b0-eadc-11ec-b48e-0242ac110003', '8828ea2c-eadc-11ec-b48e-0242ac110003', '8831c3d5-eadc-11ec-b48e-0242ac110003', '8949eaa5-eadc-11ec-b48e-0242ac110003', 'result', 'string', 0, NULL, NULL, NULL, '同意', NULL, '2022-06-13 13:49:25.259', '2022-06-13 13:49:25.259');
INSERT INTO `act_hi_varinst` VALUES ('94e0ade1-eadc-11ec-b48e-0242ac110003', '8828ea2c-eadc-11ec-b48e-0242ac110003', '8828ea2c-eadc-11ec-b48e-0242ac110003', NULL, 'result', 'string', 0, NULL, NULL, NULL, '同意', NULL, '2022-06-13 13:49:25.310', '2022-06-13 13:49:25.310');
INSERT INTO `act_hi_varinst` VALUES ('9673cf13-f383-11ec-9a3b-0242ac110004', '8fabd0df-f383-11ec-9a3b-0242ac110004', '8fac1f08-f383-11ec-9a3b-0242ac110004', '8fee5838-f383-11ec-9a3b-0242ac110004', 'result', 'string', 0, NULL, NULL, NULL, '同意', NULL, '2022-06-24 14:05:03.208', '2022-06-24 14:05:03.208');
INSERT INTO `act_hi_varinst` VALUES ('9674f9a5-e995-11ec-90db-0242ac110002', '51878131-e990-11ec-90db-0242ac110002', '5187a84a-e990-11ec-90db-0242ac110002', '519c68da-e990-11ec-90db-0242ac110002', 'result', 'string', 0, NULL, NULL, NULL, '同意', NULL, '2022-06-11 22:48:42.529', '2022-06-11 22:48:42.529');
INSERT INTO `act_hi_varinst` VALUES ('9677b8c6-e995-11ec-90db-0242ac110002', '51878131-e990-11ec-90db-0242ac110002', '51878131-e990-11ec-90db-0242ac110002', NULL, 'result', 'string', 0, NULL, NULL, NULL, '同意', NULL, '2022-06-11 22:48:42.547', '2022-06-11 22:48:42.547');
INSERT INTO `act_hi_varinst` VALUES ('9681b1c4-f383-11ec-9a3b-0242ac110004', '8fabd0df-f383-11ec-9a3b-0242ac110004', '8fabd0df-f383-11ec-9a3b-0242ac110004', NULL, 'result', 'string', 0, NULL, NULL, NULL, '同意', NULL, '2022-06-24 14:05:03.299', '2022-06-24 14:05:03.299');
INSERT INTO `act_hi_varinst` VALUES ('a7bf46b3-eaea-11ec-ae0d-0242ac110003', 'a7beaa72-eaea-11ec-ae0d-0242ac110003', 'a7beaa72-eaea-11ec-ae0d-0242ac110003', NULL, 'date', 'string', 2, NULL, NULL, NULL, '2022-06-13', NULL, '2022-06-13 15:30:09.922', '2022-06-13 15:30:21.082');
INSERT INTO `act_hi_varinst` VALUES ('a7c0f464-eaea-11ec-ae0d-0242ac110003', 'a7beaa72-eaea-11ec-ae0d-0242ac110003', 'a7beaa72-eaea-11ec-ae0d-0242ac110003', NULL, 'gmId', 'integer', 2, NULL, NULL, 25, '25', NULL, '2022-06-13 15:30:09.933', '2022-06-13 15:30:21.085');
INSERT INTO `act_hi_varinst` VALUES ('a7c0f465-eaea-11ec-ae0d-0242ac110003', 'a7beaa72-eaea-11ec-ae0d-0242ac110003', 'a7beaa72-eaea-11ec-ae0d-0242ac110003', NULL, 'creatorId', 'string', 2, NULL, NULL, NULL, 'oVZt25eB6ENHvRmotxTguK9lP0ng', NULL, '2022-06-13 15:30:09.933', '2022-06-13 15:30:21.090');
INSERT INTO `act_hi_varinst` VALUES ('a7c11b76-eaea-11ec-ae0d-0242ac110003', 'a7beaa72-eaea-11ec-ae0d-0242ac110003', 'a7beaa72-eaea-11ec-ae0d-0242ac110003', NULL, 'sameDept', 'boolean', 2, NULL, NULL, 1, NULL, NULL, '2022-06-13 15:30:09.934', '2022-06-13 15:30:21.089');
INSERT INTO `act_hi_varinst` VALUES ('a7c11b77-eaea-11ec-ae0d-0242ac110003', 'a7beaa72-eaea-11ec-ae0d-0242ac110003', 'a7beaa72-eaea-11ec-ae0d-0242ac110003', NULL, 'start', 'string', 2, NULL, NULL, NULL, '15:47:00', NULL, '2022-06-13 15:30:09.934', '2022-06-13 15:30:21.096');
INSERT INTO `act_hi_varinst` VALUES ('a7c11b78-eaea-11ec-ae0d-0242ac110003', 'a7beaa72-eaea-11ec-ae0d-0242ac110003', 'a7beaa72-eaea-11ec-ae0d-0242ac110003', NULL, 'managerId', 'integer', 2, NULL, NULL, 21, '21', NULL, '2022-06-13 15:30:09.934', '2022-06-13 15:30:21.098');
INSERT INTO `act_hi_varinst` VALUES ('a7c11b79-eaea-11ec-ae0d-0242ac110003', 'a7beaa72-eaea-11ec-ae0d-0242ac110003', 'a7beaa72-eaea-11ec-ae0d-0242ac110003', NULL, 'uuid', 'string', 2, NULL, NULL, NULL, '7cfe9865559f4f79ad6c37486139d512', NULL, '2022-06-13 15:30:09.934', '2022-06-13 15:30:21.105');
INSERT INTO `act_hi_varinst` VALUES ('a7c11b7a-eaea-11ec-ae0d-0242ac110003', 'a7beaa72-eaea-11ec-ae0d-0242ac110003', 'a7beaa72-eaea-11ec-ae0d-0242ac110003', NULL, 'url', 'string', 2, NULL, NULL, NULL, 'http://172.20.10.2:8080/emos-wx-api/meeting/recieveNotify', NULL, '2022-06-13 15:30:09.934', '2022-06-13 15:30:21.107');
INSERT INTO `act_hi_varinst` VALUES ('a7c6248f-eaea-11ec-ae0d-0242ac110003', 'a7beaa72-eaea-11ec-ae0d-0242ac110003', 'a7c11b7b-eaea-11ec-ae0d-0242ac110003', 'a7c5af5e-eaea-11ec-ae0d-0242ac110003', 'date', 'string', 0, NULL, NULL, NULL, '2022-06-13', NULL, '2022-06-13 15:30:09.967', '2022-06-13 15:30:09.967');
INSERT INTO `act_hi_varinst` VALUES ('a7c62490-eaea-11ec-ae0d-0242ac110003', 'a7beaa72-eaea-11ec-ae0d-0242ac110003', 'a7c11b7b-eaea-11ec-ae0d-0242ac110003', 'a7c5af5e-eaea-11ec-ae0d-0242ac110003', 'gmId', 'integer', 0, NULL, NULL, 25, '25', NULL, '2022-06-13 15:30:09.967', '2022-06-13 15:30:09.967');
INSERT INTO `act_hi_varinst` VALUES ('a7c62491-eaea-11ec-ae0d-0242ac110003', 'a7beaa72-eaea-11ec-ae0d-0242ac110003', 'a7c11b7b-eaea-11ec-ae0d-0242ac110003', 'a7c5af5e-eaea-11ec-ae0d-0242ac110003', 'creatorId', 'string', 0, NULL, NULL, NULL, 'oVZt25eB6ENHvRmotxTguK9lP0ng', NULL, '2022-06-13 15:30:09.967', '2022-06-13 15:30:09.967');
INSERT INTO `act_hi_varinst` VALUES ('a7c62492-eaea-11ec-ae0d-0242ac110003', 'a7beaa72-eaea-11ec-ae0d-0242ac110003', 'a7c11b7b-eaea-11ec-ae0d-0242ac110003', 'a7c5af5e-eaea-11ec-ae0d-0242ac110003', 'sameDept', 'boolean', 0, NULL, NULL, 1, NULL, NULL, '2022-06-13 15:30:09.967', '2022-06-13 15:30:09.967');
INSERT INTO `act_hi_varinst` VALUES ('a7c62493-eaea-11ec-ae0d-0242ac110003', 'a7beaa72-eaea-11ec-ae0d-0242ac110003', 'a7c11b7b-eaea-11ec-ae0d-0242ac110003', 'a7c5af5e-eaea-11ec-ae0d-0242ac110003', 'start', 'string', 0, NULL, NULL, NULL, '15:47:00', NULL, '2022-06-13 15:30:09.967', '2022-06-13 15:30:09.967');
INSERT INTO `act_hi_varinst` VALUES ('a7c62494-eaea-11ec-ae0d-0242ac110003', 'a7beaa72-eaea-11ec-ae0d-0242ac110003', 'a7c11b7b-eaea-11ec-ae0d-0242ac110003', 'a7c5af5e-eaea-11ec-ae0d-0242ac110003', 'managerId', 'integer', 0, NULL, NULL, 21, '21', NULL, '2022-06-13 15:30:09.967', '2022-06-13 15:30:09.967');
INSERT INTO `act_hi_varinst` VALUES ('a7c62495-eaea-11ec-ae0d-0242ac110003', 'a7beaa72-eaea-11ec-ae0d-0242ac110003', 'a7c11b7b-eaea-11ec-ae0d-0242ac110003', 'a7c5af5e-eaea-11ec-ae0d-0242ac110003', 'uuid', 'string', 0, NULL, NULL, NULL, '7cfe9865559f4f79ad6c37486139d512', NULL, '2022-06-13 15:30:09.968', '2022-06-13 15:30:09.968');
INSERT INTO `act_hi_varinst` VALUES ('a7c64ba6-eaea-11ec-ae0d-0242ac110003', 'a7beaa72-eaea-11ec-ae0d-0242ac110003', 'a7c11b7b-eaea-11ec-ae0d-0242ac110003', 'a7c5af5e-eaea-11ec-ae0d-0242ac110003', 'url', 'string', 0, NULL, NULL, NULL, 'http://172.20.10.2:8080/emos-wx-api/meeting/recieveNotify', NULL, '2022-06-13 15:30:09.968', '2022-06-13 15:30:09.968');
INSERT INTO `act_hi_varinst` VALUES ('a7f23da8-eaea-11ec-ae0d-0242ac110003', 'a7beaa72-eaea-11ec-ae0d-0242ac110003', 'a7beaa72-eaea-11ec-ae0d-0242ac110003', NULL, 'identity', 'string', 1, NULL, NULL, NULL, '员工', NULL, '2022-06-13 15:30:10.256', '2022-06-13 15:30:21.087');
INSERT INTO `act_hi_varinst` VALUES ('a800e3ac-eaea-11ec-ae0d-0242ac110003', 'a7beaa72-eaea-11ec-ae0d-0242ac110003', 'a7c11b7b-eaea-11ec-ae0d-0242ac110003', 'a7fff94b-eaea-11ec-ae0d-0242ac110003', 'date', 'string', 0, NULL, NULL, NULL, '2022-06-13', NULL, '2022-06-13 15:30:10.352', '2022-06-13 15:30:10.352');
INSERT INTO `act_hi_varinst` VALUES ('a800e3ad-eaea-11ec-ae0d-0242ac110003', 'a7beaa72-eaea-11ec-ae0d-0242ac110003', 'a7c11b7b-eaea-11ec-ae0d-0242ac110003', 'a7fff94b-eaea-11ec-ae0d-0242ac110003', 'gmId', 'integer', 0, NULL, NULL, 25, '25', NULL, '2022-06-13 15:30:10.352', '2022-06-13 15:30:10.352');
INSERT INTO `act_hi_varinst` VALUES ('a800e3ae-eaea-11ec-ae0d-0242ac110003', 'a7beaa72-eaea-11ec-ae0d-0242ac110003', 'a7c11b7b-eaea-11ec-ae0d-0242ac110003', 'a7fff94b-eaea-11ec-ae0d-0242ac110003', 'identity', 'string', 0, NULL, NULL, NULL, '员工', NULL, '2022-06-13 15:30:10.352', '2022-06-13 15:30:10.352');
INSERT INTO `act_hi_varinst` VALUES ('a800e3af-eaea-11ec-ae0d-0242ac110003', 'a7beaa72-eaea-11ec-ae0d-0242ac110003', 'a7c11b7b-eaea-11ec-ae0d-0242ac110003', 'a7fff94b-eaea-11ec-ae0d-0242ac110003', 'sameDept', 'boolean', 0, NULL, NULL, 1, NULL, NULL, '2022-06-13 15:30:10.352', '2022-06-13 15:30:10.352');
INSERT INTO `act_hi_varinst` VALUES ('a800e3b0-eaea-11ec-ae0d-0242ac110003', 'a7beaa72-eaea-11ec-ae0d-0242ac110003', 'a7c11b7b-eaea-11ec-ae0d-0242ac110003', 'a7fff94b-eaea-11ec-ae0d-0242ac110003', 'creatorId', 'string', 0, NULL, NULL, NULL, 'oVZt25eB6ENHvRmotxTguK9lP0ng', NULL, '2022-06-13 15:30:10.352', '2022-06-13 15:30:10.352');
INSERT INTO `act_hi_varinst` VALUES ('a8010ac1-eaea-11ec-ae0d-0242ac110003', 'a7beaa72-eaea-11ec-ae0d-0242ac110003', 'a7c11b7b-eaea-11ec-ae0d-0242ac110003', 'a7fff94b-eaea-11ec-ae0d-0242ac110003', 'start', 'string', 0, NULL, NULL, NULL, '15:47:00', NULL, '2022-06-13 15:30:10.353', '2022-06-13 15:30:10.353');
INSERT INTO `act_hi_varinst` VALUES ('a8010ac2-eaea-11ec-ae0d-0242ac110003', 'a7beaa72-eaea-11ec-ae0d-0242ac110003', 'a7c11b7b-eaea-11ec-ae0d-0242ac110003', 'a7fff94b-eaea-11ec-ae0d-0242ac110003', 'managerId', 'integer', 0, NULL, NULL, 21, '21', NULL, '2022-06-13 15:30:10.353', '2022-06-13 15:30:10.353');
INSERT INTO `act_hi_varinst` VALUES ('a8010ac3-eaea-11ec-ae0d-0242ac110003', 'a7beaa72-eaea-11ec-ae0d-0242ac110003', 'a7c11b7b-eaea-11ec-ae0d-0242ac110003', 'a7fff94b-eaea-11ec-ae0d-0242ac110003', 'uuid', 'string', 0, NULL, NULL, NULL, '7cfe9865559f4f79ad6c37486139d512', NULL, '2022-06-13 15:30:10.353', '2022-06-13 15:30:10.353');
INSERT INTO `act_hi_varinst` VALUES ('a8010ac4-eaea-11ec-ae0d-0242ac110003', 'a7beaa72-eaea-11ec-ae0d-0242ac110003', 'a7c11b7b-eaea-11ec-ae0d-0242ac110003', 'a7fff94b-eaea-11ec-ae0d-0242ac110003', 'url', 'string', 0, NULL, NULL, NULL, 'http://172.20.10.2:8080/emos-wx-api/meeting/recieveNotify', NULL, '2022-06-13 15:30:10.353', '2022-06-13 15:30:10.353');
INSERT INTO `act_hi_varinst` VALUES ('ae5893c6-eaea-11ec-ae0d-0242ac110003', 'a7beaa72-eaea-11ec-ae0d-0242ac110003', 'a7c11b7b-eaea-11ec-ae0d-0242ac110003', 'a7fff94b-eaea-11ec-ae0d-0242ac110003', 'result', 'string', 0, NULL, NULL, NULL, '同意', NULL, '2022-06-13 15:30:20.993', '2022-06-13 15:30:20.993');
INSERT INTO `act_hi_varinst` VALUES ('ae662857-eaea-11ec-ae0d-0242ac110003', 'a7beaa72-eaea-11ec-ae0d-0242ac110003', 'a7beaa72-eaea-11ec-ae0d-0242ac110003', NULL, 'result', 'string', 0, NULL, NULL, NULL, '同意', NULL, '2022-06-13 15:30:21.082', '2022-06-13 15:30:21.082');
INSERT INTO `act_hi_varinst` VALUES ('ef27f082-f383-11ec-9a3b-0242ac110004', 'ef27f081-f383-11ec-9a3b-0242ac110004', 'ef27f081-f383-11ec-9a3b-0242ac110004', NULL, 'date', 'string', 2, NULL, NULL, NULL, '2022-06-25', NULL, '2022-06-24 14:07:32.028', '2022-06-24 14:07:54.562');
INSERT INTO `act_hi_varinst` VALUES ('ef281793-f383-11ec-9a3b-0242ac110004', 'ef27f081-f383-11ec-9a3b-0242ac110004', 'ef27f081-f383-11ec-9a3b-0242ac110004', NULL, 'gmId', 'integer', 2, NULL, NULL, 25, '25', NULL, '2022-06-24 14:07:32.029', '2022-06-24 14:07:54.575');
INSERT INTO `act_hi_varinst` VALUES ('ef281794-f383-11ec-9a3b-0242ac110004', 'ef27f081-f383-11ec-9a3b-0242ac110004', 'ef27f081-f383-11ec-9a3b-0242ac110004', NULL, 'creatorId', 'string', 2, NULL, NULL, NULL, 'oVZt25eB6ENHvRmotxTguK9lP0ng', NULL, '2022-06-24 14:07:32.029', '2022-06-24 14:07:54.592');
INSERT INTO `act_hi_varinst` VALUES ('ef281795-f383-11ec-9a3b-0242ac110004', 'ef27f081-f383-11ec-9a3b-0242ac110004', 'ef27f081-f383-11ec-9a3b-0242ac110004', NULL, 'sameDept', 'boolean', 2, NULL, NULL, 1, NULL, NULL, '2022-06-24 14:07:32.029', '2022-06-24 14:07:54.600');
INSERT INTO `act_hi_varinst` VALUES ('ef281796-f383-11ec-9a3b-0242ac110004', 'ef27f081-f383-11ec-9a3b-0242ac110004', 'ef27f081-f383-11ec-9a3b-0242ac110004', NULL, 'start', 'string', 2, NULL, NULL, NULL, '14:36:00', NULL, '2022-06-24 14:07:32.030', '2022-06-24 14:07:54.611');
INSERT INTO `act_hi_varinst` VALUES ('ef283ea7-f383-11ec-9a3b-0242ac110004', 'ef27f081-f383-11ec-9a3b-0242ac110004', 'ef27f081-f383-11ec-9a3b-0242ac110004', NULL, 'managerId', 'integer', 2, NULL, NULL, 21, '21', NULL, '2022-06-24 14:07:32.030', '2022-06-24 14:07:54.614');
INSERT INTO `act_hi_varinst` VALUES ('ef283ea8-f383-11ec-9a3b-0242ac110004', 'ef27f081-f383-11ec-9a3b-0242ac110004', 'ef27f081-f383-11ec-9a3b-0242ac110004', NULL, 'uuid', 'string', 2, NULL, NULL, NULL, '579fcdfe15b74b33b1225ae98248e98b', NULL, '2022-06-24 14:07:32.030', '2022-06-24 14:07:54.617');
INSERT INTO `act_hi_varinst` VALUES ('ef283ea9-f383-11ec-9a3b-0242ac110004', 'ef27f081-f383-11ec-9a3b-0242ac110004', 'ef27f081-f383-11ec-9a3b-0242ac110004', NULL, 'url', 'string', 2, NULL, NULL, NULL, 'http://172.20.10.2:8080/emos-wx-api/meeting/recieveNotify', NULL, '2022-06-24 14:07:32.030', '2022-06-24 14:07:54.628');
INSERT INTO `act_hi_varinst` VALUES ('ef2a889e-f383-11ec-9a3b-0242ac110004', 'ef27f081-f383-11ec-9a3b-0242ac110004', 'ef2865ba-f383-11ec-9a3b-0242ac110004', 'ef288ccd-f383-11ec-9a3b-0242ac110004', 'date', 'string', 0, NULL, NULL, NULL, '2022-06-25', NULL, '2022-06-24 14:07:32.045', '2022-06-24 14:07:32.045');
INSERT INTO `act_hi_varinst` VALUES ('ef2a889f-f383-11ec-9a3b-0242ac110004', 'ef27f081-f383-11ec-9a3b-0242ac110004', 'ef2865ba-f383-11ec-9a3b-0242ac110004', 'ef288ccd-f383-11ec-9a3b-0242ac110004', 'gmId', 'integer', 0, NULL, NULL, 25, '25', NULL, '2022-06-24 14:07:32.045', '2022-06-24 14:07:32.045');
INSERT INTO `act_hi_varinst` VALUES ('ef2aafb0-f383-11ec-9a3b-0242ac110004', 'ef27f081-f383-11ec-9a3b-0242ac110004', 'ef2865ba-f383-11ec-9a3b-0242ac110004', 'ef288ccd-f383-11ec-9a3b-0242ac110004', 'creatorId', 'string', 0, NULL, NULL, NULL, 'oVZt25eB6ENHvRmotxTguK9lP0ng', NULL, '2022-06-24 14:07:32.046', '2022-06-24 14:07:32.046');
INSERT INTO `act_hi_varinst` VALUES ('ef2aafb1-f383-11ec-9a3b-0242ac110004', 'ef27f081-f383-11ec-9a3b-0242ac110004', 'ef2865ba-f383-11ec-9a3b-0242ac110004', 'ef288ccd-f383-11ec-9a3b-0242ac110004', 'sameDept', 'boolean', 0, NULL, NULL, 1, NULL, NULL, '2022-06-24 14:07:32.046', '2022-06-24 14:07:32.046');
INSERT INTO `act_hi_varinst` VALUES ('ef2aafb2-f383-11ec-9a3b-0242ac110004', 'ef27f081-f383-11ec-9a3b-0242ac110004', 'ef2865ba-f383-11ec-9a3b-0242ac110004', 'ef288ccd-f383-11ec-9a3b-0242ac110004', 'start', 'string', 0, NULL, NULL, NULL, '14:36:00', NULL, '2022-06-24 14:07:32.046', '2022-06-24 14:07:32.046');
INSERT INTO `act_hi_varinst` VALUES ('ef2aafb3-f383-11ec-9a3b-0242ac110004', 'ef27f081-f383-11ec-9a3b-0242ac110004', 'ef2865ba-f383-11ec-9a3b-0242ac110004', 'ef288ccd-f383-11ec-9a3b-0242ac110004', 'managerId', 'integer', 0, NULL, NULL, 21, '21', NULL, '2022-06-24 14:07:32.046', '2022-06-24 14:07:32.046');
INSERT INTO `act_hi_varinst` VALUES ('ef2ad6c4-f383-11ec-9a3b-0242ac110004', 'ef27f081-f383-11ec-9a3b-0242ac110004', 'ef2865ba-f383-11ec-9a3b-0242ac110004', 'ef288ccd-f383-11ec-9a3b-0242ac110004', 'uuid', 'string', 0, NULL, NULL, NULL, '579fcdfe15b74b33b1225ae98248e98b', NULL, '2022-06-24 14:07:32.047', '2022-06-24 14:07:32.047');
INSERT INTO `act_hi_varinst` VALUES ('ef2ad6c5-f383-11ec-9a3b-0242ac110004', 'ef27f081-f383-11ec-9a3b-0242ac110004', 'ef2865ba-f383-11ec-9a3b-0242ac110004', 'ef288ccd-f383-11ec-9a3b-0242ac110004', 'url', 'string', 0, NULL, NULL, NULL, 'http://172.20.10.2:8080/emos-wx-api/meeting/recieveNotify', NULL, '2022-06-24 14:07:32.047', '2022-06-24 14:07:32.047');
INSERT INTO `act_hi_varinst` VALUES ('ef4def27-f383-11ec-9a3b-0242ac110004', 'ef27f081-f383-11ec-9a3b-0242ac110004', 'ef27f081-f383-11ec-9a3b-0242ac110004', NULL, 'identity', 'string', 1, NULL, NULL, NULL, '员工', NULL, '2022-06-24 14:07:32.277', '2022-06-24 14:07:54.588');
INSERT INTO `act_hi_varinst` VALUES ('ef53bb8b-f383-11ec-9a3b-0242ac110004', 'ef27f081-f383-11ec-9a3b-0242ac110004', 'ef2865ba-f383-11ec-9a3b-0242ac110004', 'ef51e6ca-f383-11ec-9a3b-0242ac110004', 'date', 'string', 0, NULL, NULL, NULL, '2022-06-25', NULL, '2022-06-24 14:07:32.315', '2022-06-24 14:07:32.315');
INSERT INTO `act_hi_varinst` VALUES ('ef53e29c-f383-11ec-9a3b-0242ac110004', 'ef27f081-f383-11ec-9a3b-0242ac110004', 'ef2865ba-f383-11ec-9a3b-0242ac110004', 'ef51e6ca-f383-11ec-9a3b-0242ac110004', 'gmId', 'integer', 0, NULL, NULL, 25, '25', NULL, '2022-06-24 14:07:32.316', '2022-06-24 14:07:32.316');
INSERT INTO `act_hi_varinst` VALUES ('ef53e29d-f383-11ec-9a3b-0242ac110004', 'ef27f081-f383-11ec-9a3b-0242ac110004', 'ef2865ba-f383-11ec-9a3b-0242ac110004', 'ef51e6ca-f383-11ec-9a3b-0242ac110004', 'identity', 'string', 0, NULL, NULL, NULL, '员工', NULL, '2022-06-24 14:07:32.316', '2022-06-24 14:07:32.316');
INSERT INTO `act_hi_varinst` VALUES ('ef53e29e-f383-11ec-9a3b-0242ac110004', 'ef27f081-f383-11ec-9a3b-0242ac110004', 'ef2865ba-f383-11ec-9a3b-0242ac110004', 'ef51e6ca-f383-11ec-9a3b-0242ac110004', 'creatorId', 'string', 0, NULL, NULL, NULL, 'oVZt25eB6ENHvRmotxTguK9lP0ng', NULL, '2022-06-24 14:07:32.316', '2022-06-24 14:07:32.316');
INSERT INTO `act_hi_varinst` VALUES ('ef53e29f-f383-11ec-9a3b-0242ac110004', 'ef27f081-f383-11ec-9a3b-0242ac110004', 'ef2865ba-f383-11ec-9a3b-0242ac110004', 'ef51e6ca-f383-11ec-9a3b-0242ac110004', 'sameDept', 'boolean', 0, NULL, NULL, 1, NULL, NULL, '2022-06-24 14:07:32.316', '2022-06-24 14:07:32.316');
INSERT INTO `act_hi_varinst` VALUES ('ef53e2a0-f383-11ec-9a3b-0242ac110004', 'ef27f081-f383-11ec-9a3b-0242ac110004', 'ef2865ba-f383-11ec-9a3b-0242ac110004', 'ef51e6ca-f383-11ec-9a3b-0242ac110004', 'start', 'string', 0, NULL, NULL, NULL, '14:36:00', NULL, '2022-06-24 14:07:32.316', '2022-06-24 14:07:32.316');
INSERT INTO `act_hi_varinst` VALUES ('ef53e2a1-f383-11ec-9a3b-0242ac110004', 'ef27f081-f383-11ec-9a3b-0242ac110004', 'ef2865ba-f383-11ec-9a3b-0242ac110004', 'ef51e6ca-f383-11ec-9a3b-0242ac110004', 'managerId', 'integer', 0, NULL, NULL, 21, '21', NULL, '2022-06-24 14:07:32.316', '2022-06-24 14:07:32.316');
INSERT INTO `act_hi_varinst` VALUES ('ef53e2a2-f383-11ec-9a3b-0242ac110004', 'ef27f081-f383-11ec-9a3b-0242ac110004', 'ef2865ba-f383-11ec-9a3b-0242ac110004', 'ef51e6ca-f383-11ec-9a3b-0242ac110004', 'uuid', 'string', 0, NULL, NULL, NULL, '579fcdfe15b74b33b1225ae98248e98b', NULL, '2022-06-24 14:07:32.317', '2022-06-24 14:07:32.317');
INSERT INTO `act_hi_varinst` VALUES ('ef5409b3-f383-11ec-9a3b-0242ac110004', 'ef27f081-f383-11ec-9a3b-0242ac110004', 'ef2865ba-f383-11ec-9a3b-0242ac110004', 'ef51e6ca-f383-11ec-9a3b-0242ac110004', 'url', 'string', 0, NULL, NULL, NULL, 'http://172.20.10.2:8080/emos-wx-api/meeting/recieveNotify', NULL, '2022-06-24 14:07:32.317', '2022-06-24 14:07:32.317');
INSERT INTO `act_hi_varinst` VALUES ('fc885145-f383-11ec-9a3b-0242ac110004', 'ef27f081-f383-11ec-9a3b-0242ac110004', 'ef2865ba-f383-11ec-9a3b-0242ac110004', 'ef51e6ca-f383-11ec-9a3b-0242ac110004', 'result', 'string', 0, NULL, NULL, NULL, '同意', NULL, '2022-06-24 14:07:54.471', '2022-06-24 14:07:54.471');
INSERT INTO `act_hi_varinst` VALUES ('fc965b06-f383-11ec-9a3b-0242ac110004', 'ef27f081-f383-11ec-9a3b-0242ac110004', 'ef27f081-f383-11ec-9a3b-0242ac110004', NULL, 'result', 'string', 0, NULL, NULL, NULL, '同意', NULL, '2022-06-24 14:07:54.562', '2022-06-24 14:07:54.562');

-- ----------------------------
-- Table structure for act_procdef_info
-- ----------------------------
DROP TABLE IF EXISTS `act_procdef_info`;
CREATE TABLE `act_procdef_info`  (
  `ID_` varchar(64) CHARACTER SET utf8 COLLATE utf8_bin NOT NULL,
  `PROC_DEF_ID_` varchar(64) CHARACTER SET utf8 COLLATE utf8_bin NOT NULL,
  `REV_` int(11) NULL DEFAULT NULL,
  `INFO_JSON_ID_` varchar(64) CHARACTER SET utf8 COLLATE utf8_bin NULL DEFAULT NULL,
  PRIMARY KEY (`ID_`) USING BTREE,
  UNIQUE INDEX `ACT_UNIQ_INFO_PROCDEF`(`PROC_DEF_ID_`) USING BTREE,
  INDEX `ACT_IDX_INFO_PROCDEF`(`PROC_DEF_ID_`) USING BTREE,
  INDEX `ACT_FK_INFO_JSON_BA`(`INFO_JSON_ID_`) USING BTREE,
  CONSTRAINT `ACT_FK_INFO_JSON_BA` FOREIGN KEY (`INFO_JSON_ID_`) REFERENCES `act_ge_bytearray` (`ID_`) ON DELETE RESTRICT ON UPDATE RESTRICT,
  CONSTRAINT `ACT_FK_INFO_PROCDEF` FOREIGN KEY (`PROC_DEF_ID_`) REFERENCES `act_re_procdef` (`ID_`) ON DELETE RESTRICT ON UPDATE RESTRICT
) ENGINE = InnoDB CHARACTER SET = utf8 COLLATE = utf8_bin ROW_FORMAT = Dynamic;

-- ----------------------------
-- Records of act_procdef_info
-- ----------------------------

-- ----------------------------
-- Table structure for act_re_deployment
-- ----------------------------
DROP TABLE IF EXISTS `act_re_deployment`;
CREATE TABLE `act_re_deployment`  (
  `ID_` varchar(64) CHARACTER SET utf8 COLLATE utf8_bin NOT NULL,
  `NAME_` varchar(255) CHARACTER SET utf8 COLLATE utf8_bin NULL DEFAULT NULL,
  `CATEGORY_` varchar(255) CHARACTER SET utf8 COLLATE utf8_bin NULL DEFAULT NULL,
  `KEY_` varchar(255) CHARACTER SET utf8 COLLATE utf8_bin NULL DEFAULT NULL,
  `TENANT_ID_` varchar(255) CHARACTER SET utf8 COLLATE utf8_bin NULL DEFAULT '',
  `DEPLOY_TIME_` timestamp(3) NULL DEFAULT NULL,
  `ENGINE_VERSION_` varchar(255) CHARACTER SET utf8 COLLATE utf8_bin NULL DEFAULT NULL,
  PRIMARY KEY (`ID_`) USING BTREE
) ENGINE = InnoDB CHARACTER SET = utf8 COLLATE = utf8_bin ROW_FORMAT = Dynamic;

-- ----------------------------
-- Records of act_re_deployment
-- ----------------------------
INSERT INTO `act_re_deployment` VALUES ('b0d6e5dd-e8de-11ec-8449-0242ac110004', 'SpringAutoDeployment', NULL, NULL, '', '2022-06-11 00:59:28.886', NULL);

-- ----------------------------
-- Table structure for act_re_model
-- ----------------------------
DROP TABLE IF EXISTS `act_re_model`;
CREATE TABLE `act_re_model`  (
  `ID_` varchar(64) CHARACTER SET utf8 COLLATE utf8_bin NOT NULL,
  `REV_` int(11) NULL DEFAULT NULL,
  `NAME_` varchar(255) CHARACTER SET utf8 COLLATE utf8_bin NULL DEFAULT NULL,
  `KEY_` varchar(255) CHARACTER SET utf8 COLLATE utf8_bin NULL DEFAULT NULL,
  `CATEGORY_` varchar(255) CHARACTER SET utf8 COLLATE utf8_bin NULL DEFAULT NULL,
  `CREATE_TIME_` timestamp(3) NULL DEFAULT NULL,
  `LAST_UPDATE_TIME_` timestamp(3) NULL DEFAULT NULL,
  `VERSION_` int(11) NULL DEFAULT NULL,
  `META_INFO_` varchar(4000) CHARACTER SET utf8 COLLATE utf8_bin NULL DEFAULT NULL,
  `DEPLOYMENT_ID_` varchar(64) CHARACTER SET utf8 COLLATE utf8_bin NULL DEFAULT NULL,
  `EDITOR_SOURCE_VALUE_ID_` varchar(64) CHARACTER SET utf8 COLLATE utf8_bin NULL DEFAULT NULL,
  `EDITOR_SOURCE_EXTRA_VALUE_ID_` varchar(64) CHARACTER SET utf8 COLLATE utf8_bin NULL DEFAULT NULL,
  `TENANT_ID_` varchar(255) CHARACTER SET utf8 COLLATE utf8_bin NULL DEFAULT '',
  PRIMARY KEY (`ID_`) USING BTREE,
  INDEX `ACT_FK_MODEL_SOURCE`(`EDITOR_SOURCE_VALUE_ID_`) USING BTREE,
  INDEX `ACT_FK_MODEL_SOURCE_EXTRA`(`EDITOR_SOURCE_EXTRA_VALUE_ID_`) USING BTREE,
  INDEX `ACT_FK_MODEL_DEPLOYMENT`(`DEPLOYMENT_ID_`) USING BTREE,
  CONSTRAINT `ACT_FK_MODEL_DEPLOYMENT` FOREIGN KEY (`DEPLOYMENT_ID_`) REFERENCES `act_re_deployment` (`ID_`) ON DELETE RESTRICT ON UPDATE RESTRICT,
  CONSTRAINT `ACT_FK_MODEL_SOURCE` FOREIGN KEY (`EDITOR_SOURCE_VALUE_ID_`) REFERENCES `act_ge_bytearray` (`ID_`) ON DELETE RESTRICT ON UPDATE RESTRICT,
  CONSTRAINT `ACT_FK_MODEL_SOURCE_EXTRA` FOREIGN KEY (`EDITOR_SOURCE_EXTRA_VALUE_ID_`) REFERENCES `act_ge_bytearray` (`ID_`) ON DELETE RESTRICT ON UPDATE RESTRICT
) ENGINE = InnoDB CHARACTER SET = utf8 COLLATE = utf8_bin ROW_FORMAT = Dynamic;

-- ----------------------------
-- Records of act_re_model
-- ----------------------------

-- ----------------------------
-- Table structure for act_re_procdef
-- ----------------------------
DROP TABLE IF EXISTS `act_re_procdef`;
CREATE TABLE `act_re_procdef`  (
  `ID_` varchar(64) CHARACTER SET utf8 COLLATE utf8_bin NOT NULL,
  `REV_` int(11) NULL DEFAULT NULL,
  `CATEGORY_` varchar(255) CHARACTER SET utf8 COLLATE utf8_bin NULL DEFAULT NULL,
  `NAME_` varchar(255) CHARACTER SET utf8 COLLATE utf8_bin NULL DEFAULT NULL,
  `KEY_` varchar(255) CHARACTER SET utf8 COLLATE utf8_bin NOT NULL,
  `VERSION_` int(11) NOT NULL,
  `DEPLOYMENT_ID_` varchar(64) CHARACTER SET utf8 COLLATE utf8_bin NULL DEFAULT NULL,
  `RESOURCE_NAME_` varchar(4000) CHARACTER SET utf8 COLLATE utf8_bin NULL DEFAULT NULL,
  `DGRM_RESOURCE_NAME_` varchar(4000) CHARACTER SET utf8 COLLATE utf8_bin NULL DEFAULT NULL,
  `DESCRIPTION_` varchar(4000) CHARACTER SET utf8 COLLATE utf8_bin NULL DEFAULT NULL,
  `HAS_START_FORM_KEY_` tinyint(4) NULL DEFAULT NULL,
  `HAS_GRAPHICAL_NOTATION_` tinyint(4) NULL DEFAULT NULL,
  `SUSPENSION_STATE_` int(11) NULL DEFAULT NULL,
  `TENANT_ID_` varchar(255) CHARACTER SET utf8 COLLATE utf8_bin NULL DEFAULT '',
  `ENGINE_VERSION_` varchar(255) CHARACTER SET utf8 COLLATE utf8_bin NULL DEFAULT NULL,
  PRIMARY KEY (`ID_`) USING BTREE,
  UNIQUE INDEX `ACT_UNIQ_PROCDEF`(`KEY_`, `VERSION_`, `TENANT_ID_`) USING BTREE
) ENGINE = InnoDB CHARACTER SET = utf8 COLLATE = utf8_bin ROW_FORMAT = Dynamic;

-- ----------------------------
-- Records of act_re_procdef
-- ----------------------------
INSERT INTO `act_re_procdef` VALUES ('meeting:1:b156eb4f-e8de-11ec-8449-0242ac110004', 1, 'http://www.flowable.org/processdef', 'meeting', 'meeting', 1, 'b0d6e5dd-e8de-11ec-8449-0242ac110004', 'meeting.bpmn20.xml', NULL, NULL, 0, 0, 1, '', NULL);

-- ----------------------------
-- Table structure for act_ru_deadletter_job
-- ----------------------------
DROP TABLE IF EXISTS `act_ru_deadletter_job`;
CREATE TABLE `act_ru_deadletter_job`  (
  `ID_` varchar(64) CHARACTER SET utf8 COLLATE utf8_bin NOT NULL,
  `REV_` int(11) NULL DEFAULT NULL,
  `TYPE_` varchar(255) CHARACTER SET utf8 COLLATE utf8_bin NOT NULL,
  `EXCLUSIVE_` tinyint(1) NULL DEFAULT NULL,
  `EXECUTION_ID_` varchar(64) CHARACTER SET utf8 COLLATE utf8_bin NULL DEFAULT NULL,
  `PROCESS_INSTANCE_ID_` varchar(64) CHARACTER SET utf8 COLLATE utf8_bin NULL DEFAULT NULL,
  `PROC_DEF_ID_` varchar(64) CHARACTER SET utf8 COLLATE utf8_bin NULL DEFAULT NULL,
  `EXCEPTION_STACK_ID_` varchar(64) CHARACTER SET utf8 COLLATE utf8_bin NULL DEFAULT NULL,
  `EXCEPTION_MSG_` varchar(4000) CHARACTER SET utf8 COLLATE utf8_bin NULL DEFAULT NULL,
  `DUEDATE_` timestamp(3) NULL DEFAULT NULL,
  `REPEAT_` varchar(255) CHARACTER SET utf8 COLLATE utf8_bin NULL DEFAULT NULL,
  `HANDLER_TYPE_` varchar(255) CHARACTER SET utf8 COLLATE utf8_bin NULL DEFAULT NULL,
  `HANDLER_CFG_` varchar(4000) CHARACTER SET utf8 COLLATE utf8_bin NULL DEFAULT NULL,
  `TENANT_ID_` varchar(255) CHARACTER SET utf8 COLLATE utf8_bin NULL DEFAULT '',
  PRIMARY KEY (`ID_`) USING BTREE,
  INDEX `ACT_FK_DEADLETTER_JOB_EXECUTION`(`EXECUTION_ID_`) USING BTREE,
  INDEX `ACT_FK_DEADLETTER_JOB_PROCESS_INSTANCE`(`PROCESS_INSTANCE_ID_`) USING BTREE,
  INDEX `ACT_FK_DEADLETTER_JOB_PROC_DEF`(`PROC_DEF_ID_`) USING BTREE,
  INDEX `ACT_FK_DEADLETTER_JOB_EXCEPTION`(`EXCEPTION_STACK_ID_`) USING BTREE,
  CONSTRAINT `ACT_FK_DEADLETTER_JOB_EXCEPTION` FOREIGN KEY (`EXCEPTION_STACK_ID_`) REFERENCES `act_ge_bytearray` (`ID_`) ON DELETE RESTRICT ON UPDATE RESTRICT,
  CONSTRAINT `ACT_FK_DEADLETTER_JOB_EXECUTION` FOREIGN KEY (`EXECUTION_ID_`) REFERENCES `act_ru_execution` (`ID_`) ON DELETE RESTRICT ON UPDATE RESTRICT,
  CONSTRAINT `ACT_FK_DEADLETTER_JOB_PROCESS_INSTANCE` FOREIGN KEY (`PROCESS_INSTANCE_ID_`) REFERENCES `act_ru_execution` (`ID_`) ON DELETE RESTRICT ON UPDATE RESTRICT,
  CONSTRAINT `ACT_FK_DEADLETTER_JOB_PROC_DEF` FOREIGN KEY (`PROC_DEF_ID_`) REFERENCES `act_re_procdef` (`ID_`) ON DELETE RESTRICT ON UPDATE RESTRICT
) ENGINE = InnoDB CHARACTER SET = utf8 COLLATE = utf8_bin ROW_FORMAT = Dynamic;

-- ----------------------------
-- Records of act_ru_deadletter_job
-- ----------------------------

-- ----------------------------
-- Table structure for act_ru_event_subscr
-- ----------------------------
DROP TABLE IF EXISTS `act_ru_event_subscr`;
CREATE TABLE `act_ru_event_subscr`  (
  `ID_` varchar(64) CHARACTER SET utf8 COLLATE utf8_bin NOT NULL,
  `REV_` int(11) NULL DEFAULT NULL,
  `EVENT_TYPE_` varchar(255) CHARACTER SET utf8 COLLATE utf8_bin NOT NULL,
  `EVENT_NAME_` varchar(255) CHARACTER SET utf8 COLLATE utf8_bin NULL DEFAULT NULL,
  `EXECUTION_ID_` varchar(64) CHARACTER SET utf8 COLLATE utf8_bin NULL DEFAULT NULL,
  `PROC_INST_ID_` varchar(64) CHARACTER SET utf8 COLLATE utf8_bin NULL DEFAULT NULL,
  `ACTIVITY_ID_` varchar(64) CHARACTER SET utf8 COLLATE utf8_bin NULL DEFAULT NULL,
  `CONFIGURATION_` varchar(255) CHARACTER SET utf8 COLLATE utf8_bin NULL DEFAULT NULL,
  `CREATED_` timestamp(3) NOT NULL DEFAULT CURRENT_TIMESTAMP(3),
  `PROC_DEF_ID_` varchar(64) CHARACTER SET utf8 COLLATE utf8_bin NULL DEFAULT NULL,
  `TENANT_ID_` varchar(255) CHARACTER SET utf8 COLLATE utf8_bin NULL DEFAULT '',
  PRIMARY KEY (`ID_`) USING BTREE,
  INDEX `ACT_IDX_EVENT_SUBSCR_CONFIG_`(`CONFIGURATION_`) USING BTREE,
  INDEX `ACT_FK_EVENT_EXEC`(`EXECUTION_ID_`) USING BTREE,
  CONSTRAINT `ACT_FK_EVENT_EXEC` FOREIGN KEY (`EXECUTION_ID_`) REFERENCES `act_ru_execution` (`ID_`) ON DELETE RESTRICT ON UPDATE RESTRICT
) ENGINE = InnoDB CHARACTER SET = utf8 COLLATE = utf8_bin ROW_FORMAT = Dynamic;

-- ----------------------------
-- Records of act_ru_event_subscr
-- ----------------------------

-- ----------------------------
-- Table structure for act_ru_execution
-- ----------------------------
DROP TABLE IF EXISTS `act_ru_execution`;
CREATE TABLE `act_ru_execution`  (
  `ID_` varchar(64) CHARACTER SET utf8 COLLATE utf8_bin NOT NULL,
  `REV_` int(11) NULL DEFAULT NULL,
  `PROC_INST_ID_` varchar(64) CHARACTER SET utf8 COLLATE utf8_bin NULL DEFAULT NULL,
  `BUSINESS_KEY_` varchar(255) CHARACTER SET utf8 COLLATE utf8_bin NULL DEFAULT NULL,
  `PARENT_ID_` varchar(64) CHARACTER SET utf8 COLLATE utf8_bin NULL DEFAULT NULL,
  `PROC_DEF_ID_` varchar(64) CHARACTER SET utf8 COLLATE utf8_bin NULL DEFAULT NULL,
  `SUPER_EXEC_` varchar(64) CHARACTER SET utf8 COLLATE utf8_bin NULL DEFAULT NULL,
  `ROOT_PROC_INST_ID_` varchar(64) CHARACTER SET utf8 COLLATE utf8_bin NULL DEFAULT NULL,
  `ACT_ID_` varchar(255) CHARACTER SET utf8 COLLATE utf8_bin NULL DEFAULT NULL,
  `IS_ACTIVE_` tinyint(4) NULL DEFAULT NULL,
  `IS_CONCURRENT_` tinyint(4) NULL DEFAULT NULL,
  `IS_SCOPE_` tinyint(4) NULL DEFAULT NULL,
  `IS_EVENT_SCOPE_` tinyint(4) NULL DEFAULT NULL,
  `IS_MI_ROOT_` tinyint(4) NULL DEFAULT NULL,
  `SUSPENSION_STATE_` int(11) NULL DEFAULT NULL,
  `CACHED_ENT_STATE_` int(11) NULL DEFAULT NULL,
  `TENANT_ID_` varchar(255) CHARACTER SET utf8 COLLATE utf8_bin NULL DEFAULT '',
  `NAME_` varchar(255) CHARACTER SET utf8 COLLATE utf8_bin NULL DEFAULT NULL,
  `START_TIME_` datetime(3) NULL DEFAULT NULL,
  `START_USER_ID_` varchar(255) CHARACTER SET utf8 COLLATE utf8_bin NULL DEFAULT NULL,
  `LOCK_TIME_` timestamp(3) NULL DEFAULT NULL,
  `IS_COUNT_ENABLED_` tinyint(4) NULL DEFAULT NULL,
  `EVT_SUBSCR_COUNT_` int(11) NULL DEFAULT NULL,
  `TASK_COUNT_` int(11) NULL DEFAULT NULL,
  `JOB_COUNT_` int(11) NULL DEFAULT NULL,
  `TIMER_JOB_COUNT_` int(11) NULL DEFAULT NULL,
  `SUSP_JOB_COUNT_` int(11) NULL DEFAULT NULL,
  `DEADLETTER_JOB_COUNT_` int(11) NULL DEFAULT NULL,
  `VAR_COUNT_` int(11) NULL DEFAULT NULL,
  `ID_LINK_COUNT_` int(11) NULL DEFAULT NULL,
  PRIMARY KEY (`ID_`) USING BTREE,
  INDEX `ACT_IDX_EXEC_BUSKEY`(`BUSINESS_KEY_`) USING BTREE,
  INDEX `ACT_IDC_EXEC_ROOT`(`ROOT_PROC_INST_ID_`) USING BTREE,
  INDEX `ACT_FK_EXE_PROCINST`(`PROC_INST_ID_`) USING BTREE,
  INDEX `ACT_FK_EXE_PARENT`(`PARENT_ID_`) USING BTREE,
  INDEX `ACT_FK_EXE_SUPER`(`SUPER_EXEC_`) USING BTREE,
  INDEX `ACT_FK_EXE_PROCDEF`(`PROC_DEF_ID_`) USING BTREE,
  CONSTRAINT `ACT_FK_EXE_PARENT` FOREIGN KEY (`PARENT_ID_`) REFERENCES `act_ru_execution` (`ID_`) ON DELETE CASCADE ON UPDATE RESTRICT,
  CONSTRAINT `ACT_FK_EXE_PROCDEF` FOREIGN KEY (`PROC_DEF_ID_`) REFERENCES `act_re_procdef` (`ID_`) ON DELETE RESTRICT ON UPDATE RESTRICT,
  CONSTRAINT `ACT_FK_EXE_PROCINST` FOREIGN KEY (`PROC_INST_ID_`) REFERENCES `act_ru_execution` (`ID_`) ON DELETE CASCADE ON UPDATE CASCADE,
  CONSTRAINT `ACT_FK_EXE_SUPER` FOREIGN KEY (`SUPER_EXEC_`) REFERENCES `act_ru_execution` (`ID_`) ON DELETE CASCADE ON UPDATE RESTRICT
) ENGINE = InnoDB CHARACTER SET = utf8 COLLATE = utf8_bin ROW_FORMAT = Dynamic;

-- ----------------------------
-- Records of act_ru_execution
-- ----------------------------

-- ----------------------------
-- Table structure for act_ru_identitylink
-- ----------------------------
DROP TABLE IF EXISTS `act_ru_identitylink`;
CREATE TABLE `act_ru_identitylink`  (
  `ID_` varchar(64) CHARACTER SET utf8 COLLATE utf8_bin NOT NULL,
  `REV_` int(11) NULL DEFAULT NULL,
  `GROUP_ID_` varchar(255) CHARACTER SET utf8 COLLATE utf8_bin NULL DEFAULT NULL,
  `TYPE_` varchar(255) CHARACTER SET utf8 COLLATE utf8_bin NULL DEFAULT NULL,
  `USER_ID_` varchar(255) CHARACTER SET utf8 COLLATE utf8_bin NULL DEFAULT NULL,
  `TASK_ID_` varchar(64) CHARACTER SET utf8 COLLATE utf8_bin NULL DEFAULT NULL,
  `PROC_INST_ID_` varchar(64) CHARACTER SET utf8 COLLATE utf8_bin NULL DEFAULT NULL,
  `PROC_DEF_ID_` varchar(64) CHARACTER SET utf8 COLLATE utf8_bin NULL DEFAULT NULL,
  PRIMARY KEY (`ID_`) USING BTREE,
  INDEX `ACT_IDX_IDENT_LNK_USER`(`USER_ID_`) USING BTREE,
  INDEX `ACT_IDX_IDENT_LNK_GROUP`(`GROUP_ID_`) USING BTREE,
  INDEX `ACT_IDX_ATHRZ_PROCEDEF`(`PROC_DEF_ID_`) USING BTREE,
  INDEX `ACT_FK_TSKASS_TASK`(`TASK_ID_`) USING BTREE,
  INDEX `ACT_FK_IDL_PROCINST`(`PROC_INST_ID_`) USING BTREE,
  CONSTRAINT `ACT_FK_ATHRZ_PROCEDEF` FOREIGN KEY (`PROC_DEF_ID_`) REFERENCES `act_re_procdef` (`ID_`) ON DELETE RESTRICT ON UPDATE RESTRICT,
  CONSTRAINT `ACT_FK_IDL_PROCINST` FOREIGN KEY (`PROC_INST_ID_`) REFERENCES `act_ru_execution` (`ID_`) ON DELETE RESTRICT ON UPDATE RESTRICT,
  CONSTRAINT `ACT_FK_TSKASS_TASK` FOREIGN KEY (`TASK_ID_`) REFERENCES `act_ru_task` (`ID_`) ON DELETE RESTRICT ON UPDATE RESTRICT
) ENGINE = InnoDB CHARACTER SET = utf8 COLLATE = utf8_bin ROW_FORMAT = Dynamic;

-- ----------------------------
-- Records of act_ru_identitylink
-- ----------------------------

-- ----------------------------
-- Table structure for act_ru_integration
-- ----------------------------
DROP TABLE IF EXISTS `act_ru_integration`;
CREATE TABLE `act_ru_integration`  (
  `ID_` varchar(64) CHARACTER SET utf8 COLLATE utf8_bin NOT NULL,
  `EXECUTION_ID_` varchar(64) CHARACTER SET utf8 COLLATE utf8_bin NULL DEFAULT NULL,
  `PROCESS_INSTANCE_ID_` varchar(64) CHARACTER SET utf8 COLLATE utf8_bin NULL DEFAULT NULL,
  `PROC_DEF_ID_` varchar(64) CHARACTER SET utf8 COLLATE utf8_bin NULL DEFAULT NULL,
  `FLOW_NODE_ID_` varchar(64) CHARACTER SET utf8 COLLATE utf8_bin NULL DEFAULT NULL,
  `CREATED_DATE_` timestamp(3) NOT NULL DEFAULT CURRENT_TIMESTAMP(3) ON UPDATE CURRENT_TIMESTAMP(3),
  PRIMARY KEY (`ID_`) USING BTREE,
  INDEX `ACT_FK_INT_EXECUTION`(`EXECUTION_ID_`) USING BTREE,
  INDEX `ACT_FK_INT_PROC_INST`(`PROCESS_INSTANCE_ID_`) USING BTREE,
  INDEX `ACT_FK_INT_PROC_DEF`(`PROC_DEF_ID_`) USING BTREE,
  CONSTRAINT `ACT_FK_INT_EXECUTION` FOREIGN KEY (`EXECUTION_ID_`) REFERENCES `act_ru_execution` (`ID_`) ON DELETE CASCADE ON UPDATE RESTRICT,
  CONSTRAINT `ACT_FK_INT_PROC_DEF` FOREIGN KEY (`PROC_DEF_ID_`) REFERENCES `act_re_procdef` (`ID_`) ON DELETE RESTRICT ON UPDATE RESTRICT,
  CONSTRAINT `ACT_FK_INT_PROC_INST` FOREIGN KEY (`PROCESS_INSTANCE_ID_`) REFERENCES `act_ru_execution` (`ID_`) ON DELETE RESTRICT ON UPDATE RESTRICT
) ENGINE = InnoDB CHARACTER SET = utf8 COLLATE = utf8_bin ROW_FORMAT = Dynamic;

-- ----------------------------
-- Records of act_ru_integration
-- ----------------------------

-- ----------------------------
-- Table structure for act_ru_job
-- ----------------------------
DROP TABLE IF EXISTS `act_ru_job`;
CREATE TABLE `act_ru_job`  (
  `ID_` varchar(64) CHARACTER SET utf8 COLLATE utf8_bin NOT NULL,
  `REV_` int(11) NULL DEFAULT NULL,
  `TYPE_` varchar(255) CHARACTER SET utf8 COLLATE utf8_bin NOT NULL,
  `LOCK_EXP_TIME_` timestamp(3) NULL DEFAULT NULL,
  `LOCK_OWNER_` varchar(255) CHARACTER SET utf8 COLLATE utf8_bin NULL DEFAULT NULL,
  `EXCLUSIVE_` tinyint(1) NULL DEFAULT NULL,
  `EXECUTION_ID_` varchar(64) CHARACTER SET utf8 COLLATE utf8_bin NULL DEFAULT NULL,
  `PROCESS_INSTANCE_ID_` varchar(64) CHARACTER SET utf8 COLLATE utf8_bin NULL DEFAULT NULL,
  `PROC_DEF_ID_` varchar(64) CHARACTER SET utf8 COLLATE utf8_bin NULL DEFAULT NULL,
  `RETRIES_` int(11) NULL DEFAULT NULL,
  `EXCEPTION_STACK_ID_` varchar(64) CHARACTER SET utf8 COLLATE utf8_bin NULL DEFAULT NULL,
  `EXCEPTION_MSG_` varchar(4000) CHARACTER SET utf8 COLLATE utf8_bin NULL DEFAULT NULL,
  `DUEDATE_` timestamp(3) NULL DEFAULT NULL,
  `REPEAT_` varchar(255) CHARACTER SET utf8 COLLATE utf8_bin NULL DEFAULT NULL,
  `HANDLER_TYPE_` varchar(255) CHARACTER SET utf8 COLLATE utf8_bin NULL DEFAULT NULL,
  `HANDLER_CFG_` varchar(4000) CHARACTER SET utf8 COLLATE utf8_bin NULL DEFAULT NULL,
  `TENANT_ID_` varchar(255) CHARACTER SET utf8 COLLATE utf8_bin NULL DEFAULT '',
  PRIMARY KEY (`ID_`) USING BTREE,
  INDEX `ACT_FK_JOB_EXECUTION`(`EXECUTION_ID_`) USING BTREE,
  INDEX `ACT_FK_JOB_PROCESS_INSTANCE`(`PROCESS_INSTANCE_ID_`) USING BTREE,
  INDEX `ACT_FK_JOB_PROC_DEF`(`PROC_DEF_ID_`) USING BTREE,
  INDEX `ACT_FK_JOB_EXCEPTION`(`EXCEPTION_STACK_ID_`) USING BTREE,
  CONSTRAINT `ACT_FK_JOB_EXCEPTION` FOREIGN KEY (`EXCEPTION_STACK_ID_`) REFERENCES `act_ge_bytearray` (`ID_`) ON DELETE RESTRICT ON UPDATE RESTRICT,
  CONSTRAINT `ACT_FK_JOB_EXECUTION` FOREIGN KEY (`EXECUTION_ID_`) REFERENCES `act_ru_execution` (`ID_`) ON DELETE RESTRICT ON UPDATE RESTRICT,
  CONSTRAINT `ACT_FK_JOB_PROCESS_INSTANCE` FOREIGN KEY (`PROCESS_INSTANCE_ID_`) REFERENCES `act_ru_execution` (`ID_`) ON DELETE RESTRICT ON UPDATE RESTRICT,
  CONSTRAINT `ACT_FK_JOB_PROC_DEF` FOREIGN KEY (`PROC_DEF_ID_`) REFERENCES `act_re_procdef` (`ID_`) ON DELETE RESTRICT ON UPDATE RESTRICT
) ENGINE = InnoDB CHARACTER SET = utf8 COLLATE = utf8_bin ROW_FORMAT = Dynamic;

-- ----------------------------
-- Records of act_ru_job
-- ----------------------------

-- ----------------------------
-- Table structure for act_ru_suspended_job
-- ----------------------------
DROP TABLE IF EXISTS `act_ru_suspended_job`;
CREATE TABLE `act_ru_suspended_job`  (
  `ID_` varchar(64) CHARACTER SET utf8 COLLATE utf8_bin NOT NULL,
  `REV_` int(11) NULL DEFAULT NULL,
  `TYPE_` varchar(255) CHARACTER SET utf8 COLLATE utf8_bin NOT NULL,
  `EXCLUSIVE_` tinyint(1) NULL DEFAULT NULL,
  `EXECUTION_ID_` varchar(64) CHARACTER SET utf8 COLLATE utf8_bin NULL DEFAULT NULL,
  `PROCESS_INSTANCE_ID_` varchar(64) CHARACTER SET utf8 COLLATE utf8_bin NULL DEFAULT NULL,
  `PROC_DEF_ID_` varchar(64) CHARACTER SET utf8 COLLATE utf8_bin NULL DEFAULT NULL,
  `RETRIES_` int(11) NULL DEFAULT NULL,
  `EXCEPTION_STACK_ID_` varchar(64) CHARACTER SET utf8 COLLATE utf8_bin NULL DEFAULT NULL,
  `EXCEPTION_MSG_` varchar(4000) CHARACTER SET utf8 COLLATE utf8_bin NULL DEFAULT NULL,
  `DUEDATE_` timestamp(3) NULL DEFAULT NULL,
  `REPEAT_` varchar(255) CHARACTER SET utf8 COLLATE utf8_bin NULL DEFAULT NULL,
  `HANDLER_TYPE_` varchar(255) CHARACTER SET utf8 COLLATE utf8_bin NULL DEFAULT NULL,
  `HANDLER_CFG_` varchar(4000) CHARACTER SET utf8 COLLATE utf8_bin NULL DEFAULT NULL,
  `TENANT_ID_` varchar(255) CHARACTER SET utf8 COLLATE utf8_bin NULL DEFAULT '',
  PRIMARY KEY (`ID_`) USING BTREE,
  INDEX `ACT_FK_SUSPENDED_JOB_EXECUTION`(`EXECUTION_ID_`) USING BTREE,
  INDEX `ACT_FK_SUSPENDED_JOB_PROCESS_INSTANCE`(`PROCESS_INSTANCE_ID_`) USING BTREE,
  INDEX `ACT_FK_SUSPENDED_JOB_PROC_DEF`(`PROC_DEF_ID_`) USING BTREE,
  INDEX `ACT_FK_SUSPENDED_JOB_EXCEPTION`(`EXCEPTION_STACK_ID_`) USING BTREE,
  CONSTRAINT `ACT_FK_SUSPENDED_JOB_EXCEPTION` FOREIGN KEY (`EXCEPTION_STACK_ID_`) REFERENCES `act_ge_bytearray` (`ID_`) ON DELETE RESTRICT ON UPDATE RESTRICT,
  CONSTRAINT `ACT_FK_SUSPENDED_JOB_EXECUTION` FOREIGN KEY (`EXECUTION_ID_`) REFERENCES `act_ru_execution` (`ID_`) ON DELETE RESTRICT ON UPDATE RESTRICT,
  CONSTRAINT `ACT_FK_SUSPENDED_JOB_PROCESS_INSTANCE` FOREIGN KEY (`PROCESS_INSTANCE_ID_`) REFERENCES `act_ru_execution` (`ID_`) ON DELETE RESTRICT ON UPDATE RESTRICT,
  CONSTRAINT `ACT_FK_SUSPENDED_JOB_PROC_DEF` FOREIGN KEY (`PROC_DEF_ID_`) REFERENCES `act_re_procdef` (`ID_`) ON DELETE RESTRICT ON UPDATE RESTRICT
) ENGINE = InnoDB CHARACTER SET = utf8 COLLATE = utf8_bin ROW_FORMAT = Dynamic;

-- ----------------------------
-- Records of act_ru_suspended_job
-- ----------------------------

-- ----------------------------
-- Table structure for act_ru_task
-- ----------------------------
DROP TABLE IF EXISTS `act_ru_task`;
CREATE TABLE `act_ru_task`  (
  `ID_` varchar(64) CHARACTER SET utf8 COLLATE utf8_bin NOT NULL,
  `REV_` int(11) NULL DEFAULT NULL,
  `EXECUTION_ID_` varchar(64) CHARACTER SET utf8 COLLATE utf8_bin NULL DEFAULT NULL,
  `PROC_INST_ID_` varchar(64) CHARACTER SET utf8 COLLATE utf8_bin NULL DEFAULT NULL,
  `PROC_DEF_ID_` varchar(64) CHARACTER SET utf8 COLLATE utf8_bin NULL DEFAULT NULL,
  `NAME_` varchar(255) CHARACTER SET utf8 COLLATE utf8_general_ci NULL DEFAULT NULL,
  `PARENT_TASK_ID_` varchar(64) CHARACTER SET utf8 COLLATE utf8_bin NULL DEFAULT NULL,
  `DESCRIPTION_` varchar(4000) CHARACTER SET utf8 COLLATE utf8_bin NULL DEFAULT NULL,
  `TASK_DEF_KEY_` varchar(255) CHARACTER SET utf8 COLLATE utf8_bin NULL DEFAULT NULL,
  `OWNER_` varchar(255) CHARACTER SET utf8 COLLATE utf8_general_ci NULL DEFAULT NULL,
  `ASSIGNEE_` varchar(255) CHARACTER SET utf8 COLLATE utf8_general_ci NULL DEFAULT NULL,
  `DELEGATION_` varchar(64) CHARACTER SET utf8 COLLATE utf8_bin NULL DEFAULT NULL,
  `PRIORITY_` int(11) NULL DEFAULT NULL,
  `CREATE_TIME_` timestamp(3) NULL DEFAULT NULL,
  `DUE_DATE_` datetime(3) NULL DEFAULT NULL,
  `CATEGORY_` varchar(255) CHARACTER SET utf8 COLLATE utf8_bin NULL DEFAULT NULL,
  `SUSPENSION_STATE_` int(11) NULL DEFAULT NULL,
  `TENANT_ID_` varchar(255) CHARACTER SET utf8 COLLATE utf8_bin NULL DEFAULT '',
  `FORM_KEY_` varchar(255) CHARACTER SET utf8 COLLATE utf8_bin NULL DEFAULT NULL,
  `CLAIM_TIME_` datetime(3) NULL DEFAULT NULL,
  PRIMARY KEY (`ID_`) USING BTREE,
  INDEX `ACT_IDX_TASK_CREATE`(`CREATE_TIME_`) USING BTREE,
  INDEX `ACT_FK_TASK_EXE`(`EXECUTION_ID_`) USING BTREE,
  INDEX `ACT_FK_TASK_PROCINST`(`PROC_INST_ID_`) USING BTREE,
  INDEX `ACT_FK_TASK_PROCDEF`(`PROC_DEF_ID_`) USING BTREE,
  CONSTRAINT `ACT_FK_TASK_EXE` FOREIGN KEY (`EXECUTION_ID_`) REFERENCES `act_ru_execution` (`ID_`) ON DELETE RESTRICT ON UPDATE RESTRICT,
  CONSTRAINT `ACT_FK_TASK_PROCDEF` FOREIGN KEY (`PROC_DEF_ID_`) REFERENCES `act_re_procdef` (`ID_`) ON DELETE RESTRICT ON UPDATE RESTRICT,
  CONSTRAINT `ACT_FK_TASK_PROCINST` FOREIGN KEY (`PROC_INST_ID_`) REFERENCES `act_ru_execution` (`ID_`) ON DELETE RESTRICT ON UPDATE RESTRICT
) ENGINE = InnoDB CHARACTER SET = utf8 COLLATE = utf8_general_ci ROW_FORMAT = Dynamic;

-- ----------------------------
-- Records of act_ru_task
-- ----------------------------

-- ----------------------------
-- Table structure for act_ru_timer_job
-- ----------------------------
DROP TABLE IF EXISTS `act_ru_timer_job`;
CREATE TABLE `act_ru_timer_job`  (
  `ID_` varchar(64) CHARACTER SET utf8 COLLATE utf8_bin NOT NULL,
  `REV_` int(11) NULL DEFAULT NULL,
  `TYPE_` varchar(255) CHARACTER SET utf8 COLLATE utf8_bin NOT NULL,
  `LOCK_EXP_TIME_` timestamp(3) NULL DEFAULT NULL,
  `LOCK_OWNER_` varchar(255) CHARACTER SET utf8 COLLATE utf8_bin NULL DEFAULT NULL,
  `EXCLUSIVE_` tinyint(1) NULL DEFAULT NULL,
  `EXECUTION_ID_` varchar(64) CHARACTER SET utf8 COLLATE utf8_bin NULL DEFAULT NULL,
  `PROCESS_INSTANCE_ID_` varchar(64) CHARACTER SET utf8 COLLATE utf8_bin NULL DEFAULT NULL,
  `PROC_DEF_ID_` varchar(64) CHARACTER SET utf8 COLLATE utf8_bin NULL DEFAULT NULL,
  `RETRIES_` int(11) NULL DEFAULT NULL,
  `EXCEPTION_STACK_ID_` varchar(64) CHARACTER SET utf8 COLLATE utf8_bin NULL DEFAULT NULL,
  `EXCEPTION_MSG_` varchar(4000) CHARACTER SET utf8 COLLATE utf8_bin NULL DEFAULT NULL,
  `DUEDATE_` timestamp(3) NULL DEFAULT NULL,
  `REPEAT_` varchar(255) CHARACTER SET utf8 COLLATE utf8_bin NULL DEFAULT NULL,
  `HANDLER_TYPE_` varchar(255) CHARACTER SET utf8 COLLATE utf8_bin NULL DEFAULT NULL,
  `HANDLER_CFG_` varchar(4000) CHARACTER SET utf8 COLLATE utf8_bin NULL DEFAULT NULL,
  `TENANT_ID_` varchar(255) CHARACTER SET utf8 COLLATE utf8_bin NULL DEFAULT '',
  PRIMARY KEY (`ID_`) USING BTREE,
  INDEX `ACT_FK_TIMER_JOB_EXECUTION`(`EXECUTION_ID_`) USING BTREE,
  INDEX `ACT_FK_TIMER_JOB_PROCESS_INSTANCE`(`PROCESS_INSTANCE_ID_`) USING BTREE,
  INDEX `ACT_FK_TIMER_JOB_PROC_DEF`(`PROC_DEF_ID_`) USING BTREE,
  INDEX `ACT_FK_TIMER_JOB_EXCEPTION`(`EXCEPTION_STACK_ID_`) USING BTREE,
  CONSTRAINT `ACT_FK_TIMER_JOB_EXCEPTION` FOREIGN KEY (`EXCEPTION_STACK_ID_`) REFERENCES `act_ge_bytearray` (`ID_`) ON DELETE RESTRICT ON UPDATE RESTRICT,
  CONSTRAINT `ACT_FK_TIMER_JOB_EXECUTION` FOREIGN KEY (`EXECUTION_ID_`) REFERENCES `act_ru_execution` (`ID_`) ON DELETE RESTRICT ON UPDATE RESTRICT,
  CONSTRAINT `ACT_FK_TIMER_JOB_PROCESS_INSTANCE` FOREIGN KEY (`PROCESS_INSTANCE_ID_`) REFERENCES `act_ru_execution` (`ID_`) ON DELETE RESTRICT ON UPDATE RESTRICT,
  CONSTRAINT `ACT_FK_TIMER_JOB_PROC_DEF` FOREIGN KEY (`PROC_DEF_ID_`) REFERENCES `act_re_procdef` (`ID_`) ON DELETE RESTRICT ON UPDATE RESTRICT
) ENGINE = InnoDB CHARACTER SET = utf8 COLLATE = utf8_bin ROW_FORMAT = Dynamic;

-- ----------------------------
-- Records of act_ru_timer_job
-- ----------------------------

-- ----------------------------
-- Table structure for act_ru_variable
-- ----------------------------
DROP TABLE IF EXISTS `act_ru_variable`;
CREATE TABLE `act_ru_variable`  (
  `ID_` varchar(64) CHARACTER SET utf8 COLLATE utf8_bin NOT NULL,
  `REV_` int(11) NULL DEFAULT NULL,
  `TYPE_` varchar(255) CHARACTER SET utf8 COLLATE utf8_bin NOT NULL,
  `NAME_` varchar(255) CHARACTER SET utf8 COLLATE utf8_bin NOT NULL,
  `EXECUTION_ID_` varchar(64) CHARACTER SET utf8 COLLATE utf8_bin NULL DEFAULT NULL,
  `PROC_INST_ID_` varchar(64) CHARACTER SET utf8 COLLATE utf8_bin NULL DEFAULT NULL,
  `TASK_ID_` varchar(64) CHARACTER SET utf8 COLLATE utf8_bin NULL DEFAULT NULL,
  `BYTEARRAY_ID_` varchar(64) CHARACTER SET utf8 COLLATE utf8_bin NULL DEFAULT NULL,
  `DOUBLE_` double NULL DEFAULT NULL,
  `LONG_` bigint(20) NULL DEFAULT NULL,
  `TEXT_` varchar(4000) CHARACTER SET utf8 COLLATE utf8_bin NULL DEFAULT NULL,
  `TEXT2_` varchar(4000) CHARACTER SET utf8 COLLATE utf8_bin NULL DEFAULT NULL,
  PRIMARY KEY (`ID_`) USING BTREE,
  INDEX `ACT_IDX_VARIABLE_TASK_ID`(`TASK_ID_`) USING BTREE,
  INDEX `ACT_FK_VAR_EXE`(`EXECUTION_ID_`) USING BTREE,
  INDEX `ACT_FK_VAR_PROCINST`(`PROC_INST_ID_`) USING BTREE,
  INDEX `ACT_FK_VAR_BYTEARRAY`(`BYTEARRAY_ID_`) USING BTREE,
  CONSTRAINT `ACT_FK_VAR_BYTEARRAY` FOREIGN KEY (`BYTEARRAY_ID_`) REFERENCES `act_ge_bytearray` (`ID_`) ON DELETE RESTRICT ON UPDATE RESTRICT,
  CONSTRAINT `ACT_FK_VAR_EXE` FOREIGN KEY (`EXECUTION_ID_`) REFERENCES `act_ru_execution` (`ID_`) ON DELETE RESTRICT ON UPDATE RESTRICT,
  CONSTRAINT `ACT_FK_VAR_PROCINST` FOREIGN KEY (`PROC_INST_ID_`) REFERENCES `act_ru_execution` (`ID_`) ON DELETE RESTRICT ON UPDATE RESTRICT
) ENGINE = InnoDB CHARACTER SET = utf8 COLLATE = utf8_bin ROW_FORMAT = Dynamic;

-- ----------------------------
-- Records of act_ru_variable
-- ----------------------------

-- ----------------------------
-- Table structure for qrtz_blob_triggers
-- ----------------------------
DROP TABLE IF EXISTS `qrtz_blob_triggers`;
CREATE TABLE `qrtz_blob_triggers`  (
  `SCHED_NAME` varchar(120) CHARACTER SET utf8 COLLATE utf8_general_ci NOT NULL,
  `TRIGGER_NAME` varchar(200) CHARACTER SET utf8 COLLATE utf8_general_ci NOT NULL,
  `TRIGGER_GROUP` varchar(200) CHARACTER SET utf8 COLLATE utf8_general_ci NOT NULL,
  `BLOB_DATA` blob NULL,
  PRIMARY KEY (`SCHED_NAME`, `TRIGGER_NAME`, `TRIGGER_GROUP`) USING BTREE,
  INDEX `SCHED_NAME`(`SCHED_NAME`, `TRIGGER_NAME`, `TRIGGER_GROUP`) USING BTREE,
  CONSTRAINT `qrtz_blob_triggers_ibfk_1` FOREIGN KEY (`SCHED_NAME`, `TRIGGER_NAME`, `TRIGGER_GROUP`) REFERENCES `qrtz_triggers` (`SCHED_NAME`, `TRIGGER_NAME`, `TRIGGER_GROUP`) ON DELETE RESTRICT ON UPDATE RESTRICT
) ENGINE = InnoDB CHARACTER SET = utf8 COLLATE = utf8_general_ci ROW_FORMAT = Dynamic;

-- ----------------------------
-- Records of qrtz_blob_triggers
-- ----------------------------

-- ----------------------------
-- Table structure for qrtz_calendars
-- ----------------------------
DROP TABLE IF EXISTS `qrtz_calendars`;
CREATE TABLE `qrtz_calendars`  (
  `SCHED_NAME` varchar(120) CHARACTER SET utf8 COLLATE utf8_general_ci NOT NULL,
  `CALENDAR_NAME` varchar(200) CHARACTER SET utf8 COLLATE utf8_general_ci NOT NULL,
  `CALENDAR` blob NOT NULL,
  PRIMARY KEY (`SCHED_NAME`, `CALENDAR_NAME`) USING BTREE
) ENGINE = InnoDB CHARACTER SET = utf8 COLLATE = utf8_general_ci ROW_FORMAT = Dynamic;

-- ----------------------------
-- Records of qrtz_calendars
-- ----------------------------

-- ----------------------------
-- Table structure for qrtz_cron_triggers
-- ----------------------------
DROP TABLE IF EXISTS `qrtz_cron_triggers`;
CREATE TABLE `qrtz_cron_triggers`  (
  `SCHED_NAME` varchar(120) CHARACTER SET utf8 COLLATE utf8_general_ci NOT NULL,
  `TRIGGER_NAME` varchar(200) CHARACTER SET utf8 COLLATE utf8_general_ci NOT NULL,
  `TRIGGER_GROUP` varchar(200) CHARACTER SET utf8 COLLATE utf8_general_ci NOT NULL,
  `CRON_EXPRESSION` varchar(120) CHARACTER SET utf8 COLLATE utf8_general_ci NOT NULL,
  `TIME_ZONE_ID` varchar(80) CHARACTER SET utf8 COLLATE utf8_general_ci NULL DEFAULT NULL,
  PRIMARY KEY (`SCHED_NAME`, `TRIGGER_NAME`, `TRIGGER_GROUP`) USING BTREE,
  CONSTRAINT `qrtz_cron_triggers_ibfk_1` FOREIGN KEY (`SCHED_NAME`, `TRIGGER_NAME`, `TRIGGER_GROUP`) REFERENCES `qrtz_triggers` (`SCHED_NAME`, `TRIGGER_NAME`, `TRIGGER_GROUP`) ON DELETE RESTRICT ON UPDATE RESTRICT
) ENGINE = InnoDB CHARACTER SET = utf8 COLLATE = utf8_general_ci ROW_FORMAT = Dynamic;

-- ----------------------------
-- Records of qrtz_cron_triggers
-- ----------------------------

-- ----------------------------
-- Table structure for qrtz_fired_triggers
-- ----------------------------
DROP TABLE IF EXISTS `qrtz_fired_triggers`;
CREATE TABLE `qrtz_fired_triggers`  (
  `SCHED_NAME` varchar(120) CHARACTER SET utf8 COLLATE utf8_general_ci NOT NULL,
  `ENTRY_ID` varchar(95) CHARACTER SET utf8 COLLATE utf8_general_ci NOT NULL,
  `TRIGGER_NAME` varchar(200) CHARACTER SET utf8 COLLATE utf8_general_ci NOT NULL,
  `TRIGGER_GROUP` varchar(200) CHARACTER SET utf8 COLLATE utf8_general_ci NOT NULL,
  `INSTANCE_NAME` varchar(200) CHARACTER SET utf8 COLLATE utf8_general_ci NOT NULL,
  `FIRED_TIME` bigint(13) NOT NULL,
  `SCHED_TIME` bigint(13) NOT NULL,
  `PRIORITY` int(11) NOT NULL,
  `STATE` varchar(16) CHARACTER SET utf8 COLLATE utf8_general_ci NOT NULL,
  `JOB_NAME` varchar(200) CHARACTER SET utf8 COLLATE utf8_general_ci NULL DEFAULT NULL,
  `JOB_GROUP` varchar(200) CHARACTER SET utf8 COLLATE utf8_general_ci NULL DEFAULT NULL,
  `IS_NONCONCURRENT` varchar(1) CHARACTER SET utf8 COLLATE utf8_general_ci NULL DEFAULT NULL,
  `REQUESTS_RECOVERY` varchar(1) CHARACTER SET utf8 COLLATE utf8_general_ci NULL DEFAULT NULL,
  PRIMARY KEY (`SCHED_NAME`, `ENTRY_ID`) USING BTREE,
  INDEX `IDX_QRTZ_FT_TRIG_INST_NAME`(`SCHED_NAME`, `INSTANCE_NAME`) USING BTREE,
  INDEX `IDX_QRTZ_FT_INST_JOB_REQ_RCVRY`(`SCHED_NAME`, `INSTANCE_NAME`, `REQUESTS_RECOVERY`) USING BTREE,
  INDEX `IDX_QRTZ_FT_J_G`(`SCHED_NAME`, `JOB_NAME`, `JOB_GROUP`) USING BTREE,
  INDEX `IDX_QRTZ_FT_JG`(`SCHED_NAME`, `JOB_GROUP`) USING BTREE,
  INDEX `IDX_QRTZ_FT_T_G`(`SCHED_NAME`, `TRIGGER_NAME`, `TRIGGER_GROUP`) USING BTREE,
  INDEX `IDX_QRTZ_FT_TG`(`SCHED_NAME`, `TRIGGER_GROUP`) USING BTREE
) ENGINE = InnoDB CHARACTER SET = utf8 COLLATE = utf8_general_ci ROW_FORMAT = Dynamic;

-- ----------------------------
-- Records of qrtz_fired_triggers
-- ----------------------------

-- ----------------------------
-- Table structure for qrtz_job_details
-- ----------------------------
DROP TABLE IF EXISTS `qrtz_job_details`;
CREATE TABLE `qrtz_job_details`  (
  `SCHED_NAME` varchar(120) CHARACTER SET utf8 COLLATE utf8_general_ci NOT NULL,
  `JOB_NAME` varchar(200) CHARACTER SET utf8 COLLATE utf8_general_ci NOT NULL,
  `JOB_GROUP` varchar(200) CHARACTER SET utf8 COLLATE utf8_general_ci NOT NULL,
  `DESCRIPTION` varchar(250) CHARACTER SET utf8 COLLATE utf8_general_ci NULL DEFAULT NULL,
  `JOB_CLASS_NAME` varchar(250) CHARACTER SET utf8 COLLATE utf8_general_ci NOT NULL,
  `IS_DURABLE` varchar(1) CHARACTER SET utf8 COLLATE utf8_general_ci NOT NULL,
  `IS_NONCONCURRENT` varchar(1) CHARACTER SET utf8 COLLATE utf8_general_ci NOT NULL,
  `IS_UPDATE_DATA` varchar(1) CHARACTER SET utf8 COLLATE utf8_general_ci NOT NULL,
  `REQUESTS_RECOVERY` varchar(1) CHARACTER SET utf8 COLLATE utf8_general_ci NOT NULL,
  `JOB_DATA` blob NULL,
  PRIMARY KEY (`SCHED_NAME`, `JOB_NAME`, `JOB_GROUP`) USING BTREE,
  INDEX `IDX_QRTZ_J_REQ_RECOVERY`(`SCHED_NAME`, `REQUESTS_RECOVERY`) USING BTREE,
  INDEX `IDX_QRTZ_J_GRP`(`SCHED_NAME`, `JOB_GROUP`) USING BTREE
) ENGINE = InnoDB CHARACTER SET = utf8 COLLATE = utf8_general_ci ROW_FORMAT = Dynamic;

-- ----------------------------
-- Records of qrtz_job_details
-- ----------------------------
INSERT INTO `qrtz_job_details` VALUES ('quartzScheduler', '6da64b5bd2ee-0bcade71-4229-4db6-b51d-4a89de6e576d', 'DEFAULT', NULL, 'com.example.emos.workflow.config.quartz.MeetingRoomJob', '0', '0', '0', '0', 0xACED0005737200156F72672E71756172747A2E4A6F62446174614D61709FB083E8BFA9B0CB020000787200266F72672E71756172747A2E7574696C732E537472696E674B65794469727479466C61674D61708208E8C3FBC55D280200015A0013616C6C6F77735472616E7369656E74446174617872001D6F72672E71756172747A2E7574696C732E4469727479466C61674D617013E62EAD28760ACE0200025A000564697274794C00036D617074000F4C6A6176612F7574696C2F4D61703B787001737200116A6176612E7574696C2E486173684D61700507DAC1C31660D103000246000A6C6F6164466163746F724900097468726573686F6C6478703F4000000000000C770800000010000000027400066578706972657372001C636E2E6875746F6F6C2E636F72652E646174652E4461746554696D65B51E93FBC5C4E4F00200035A00076D757461626C654C000E66697273744461794F665765656B74001A4C636E2F6875746F6F6C2F636F72652F646174652F5765656B3B4C000874696D655A6F6E657400144C6A6176612F7574696C2F54696D655A6F6E653B7872000E6A6176612E7574696C2E44617465686A81014B597419030000787077080000018199C9FB0078017E720018636E2E6875746F6F6C2E636F72652E646174652E5765656B00000000000000001200007872000E6A6176612E6C616E672E456E756D000000000000000012000078707400064D4F4E4441597372001A73756E2E7574696C2E63616C656E6461722E5A6F6E65496E666F24D1D3CE001D719B020008490008636865636B73756D49000A647374536176696E67734900097261774F666673657449000D7261774F6666736574446966665A001377696C6C474D544F66667365744368616E67655B00076F6666736574737400025B495B001473696D706C6554696D655A6F6E65506172616D7371007E00125B000B7472616E736974696F6E737400025B4A787200126A6176612E7574696C2E54696D655A6F6E6531B3E9F57744ACA10200014C000249447400124C6A6176612F6C616E672F537472696E673B787074000D417369612F5368616E676861699DA620120000000001B774000000000000757200025B494DBA602676EAB2A502000078700000000401B7740001BCAFD801EE62800036EE8070757200025B4A782004B512B1759302000078700000001FFFDFDAE01DC00001FFE0503F65828000FFE8B5052C400032FFE8EC0BB4980000FFF269D192400032FFF294EF65D80000FFF2C631A4800032FFF310DA6B980000FFF32DD5A0000032FFF4D376DD980000FFF5258DA6C00032FFF5524777180000FFF59160CD000032FFF5D1BCDC180000FFF60C54A1800032FFF63D9002580000FFF681CFB4400032FFF68A7D009800000007807D0CD000320007AB487AA800000007EEE3611000320008207127A800000008664CD650003200089599D4A800000008DB758350003200090D0349E800000009509E305000320009822BF6E800000009C5C6DD5000320009F754A3E80000001EC49332C000007400047575696474002035373966636466653135623734623333623132323561653938323438653938627800);
INSERT INTO `qrtz_job_details` VALUES ('quartzScheduler', '6da64b5bd2ee-778db6aa-5b05-4264-9f04-c322255a50b9', 'DEFAULT', NULL, 'com.example.emos.workflow.config.quartz.MeetingStatusJob', '0', '0', '0', '0', 0xACED0005737200156F72672E71756172747A2E4A6F62446174614D61709FB083E8BFA9B0CB020000787200266F72672E71756172747A2E7574696C732E537472696E674B65794469727479466C61674D61708208E8C3FBC55D280200015A0013616C6C6F77735472616E7369656E74446174617872001D6F72672E71756172747A2E7574696C732E4469727479466C61674D617013E62EAD28760ACE0200025A000564697274794C00036D617074000F4C6A6176612F7574696C2F4D61703B787001737200116A6176612E7574696C2E486173684D61700507DAC1C31660D103000246000A6C6F6164466163746F724900097468726573686F6C6478703F4000000000000C77080000001000000002740004757569647400203537396663646665313562373462333362313232356165393832343865393862740006737461747573737200116A6176612E6C616E672E496E746567657212E2A0A4F781873802000149000576616C7565787200106A6176612E6C616E672E4E756D62657286AC951D0B94E08B0200007870000000047800);
INSERT INTO `qrtz_job_details` VALUES ('quartzScheduler', '6da64b5bd2ee-a2a1691d-0e04-4f01-ad6b-c0597085efcb', 'DEFAULT', NULL, 'com.example.emos.workflow.config.quartz.MeetingStatusJob', '0', '0', '0', '0', 0xACED0005737200156F72672E71756172747A2E4A6F62446174614D61709FB083E8BFA9B0CB020000787200266F72672E71756172747A2E7574696C732E537472696E674B65794469727479466C61674D61708208E8C3FBC55D280200015A0013616C6C6F77735472616E7369656E74446174617872001D6F72672E71756172747A2E7574696C732E4469727479466C61674D617013E62EAD28760ACE0200025A000564697274794C00036D617074000F4C6A6176612F7574696C2F4D61703B787001737200116A6176612E7574696C2E486173684D61700507DAC1C31660D103000246000A6C6F6164466163746F724900097468726573686F6C6478703F4000000000000C77080000001000000002740004757569647400203537396663646665313562373462333362313232356165393832343865393862740006737461747573737200116A6176612E6C616E672E496E746567657212E2A0A4F781873802000149000576616C7565787200106A6176612E6C616E672E4E756D62657286AC951D0B94E08B0200007870000000057800);

-- ----------------------------
-- Table structure for qrtz_locks
-- ----------------------------
DROP TABLE IF EXISTS `qrtz_locks`;
CREATE TABLE `qrtz_locks`  (
  `SCHED_NAME` varchar(120) CHARACTER SET utf8 COLLATE utf8_general_ci NOT NULL,
  `LOCK_NAME` varchar(40) CHARACTER SET utf8 COLLATE utf8_general_ci NOT NULL,
  PRIMARY KEY (`SCHED_NAME`, `LOCK_NAME`) USING BTREE
) ENGINE = InnoDB CHARACTER SET = utf8 COLLATE = utf8_general_ci ROW_FORMAT = Dynamic;

-- ----------------------------
-- Records of qrtz_locks
-- ----------------------------
INSERT INTO `qrtz_locks` VALUES ('quartzScheduler', 'TRIGGER_ACCESS');

-- ----------------------------
-- Table structure for qrtz_paused_trigger_grps
-- ----------------------------
DROP TABLE IF EXISTS `qrtz_paused_trigger_grps`;
CREATE TABLE `qrtz_paused_trigger_grps`  (
  `SCHED_NAME` varchar(120) CHARACTER SET utf8 COLLATE utf8_general_ci NOT NULL,
  `TRIGGER_GROUP` varchar(200) CHARACTER SET utf8 COLLATE utf8_general_ci NOT NULL,
  PRIMARY KEY (`SCHED_NAME`, `TRIGGER_GROUP`) USING BTREE
) ENGINE = InnoDB CHARACTER SET = utf8 COLLATE = utf8_general_ci ROW_FORMAT = Dynamic;

-- ----------------------------
-- Records of qrtz_paused_trigger_grps
-- ----------------------------

-- ----------------------------
-- Table structure for qrtz_scheduler_state
-- ----------------------------
DROP TABLE IF EXISTS `qrtz_scheduler_state`;
CREATE TABLE `qrtz_scheduler_state`  (
  `SCHED_NAME` varchar(120) CHARACTER SET utf8 COLLATE utf8_general_ci NOT NULL,
  `INSTANCE_NAME` varchar(200) CHARACTER SET utf8 COLLATE utf8_general_ci NOT NULL,
  `LAST_CHECKIN_TIME` bigint(13) NOT NULL,
  `CHECKIN_INTERVAL` bigint(13) NOT NULL,
  PRIMARY KEY (`SCHED_NAME`, `INSTANCE_NAME`) USING BTREE
) ENGINE = InnoDB CHARACTER SET = utf8 COLLATE = utf8_general_ci ROW_FORMAT = Dynamic;

-- ----------------------------
-- Records of qrtz_scheduler_state
-- ----------------------------

-- ----------------------------
-- Table structure for qrtz_simple_triggers
-- ----------------------------
DROP TABLE IF EXISTS `qrtz_simple_triggers`;
CREATE TABLE `qrtz_simple_triggers`  (
  `SCHED_NAME` varchar(120) CHARACTER SET utf8 COLLATE utf8_general_ci NOT NULL,
  `TRIGGER_NAME` varchar(200) CHARACTER SET utf8 COLLATE utf8_general_ci NOT NULL,
  `TRIGGER_GROUP` varchar(200) CHARACTER SET utf8 COLLATE utf8_general_ci NOT NULL,
  `REPEAT_COUNT` bigint(7) NOT NULL,
  `REPEAT_INTERVAL` bigint(12) NOT NULL,
  `TIMES_TRIGGERED` bigint(10) NOT NULL,
  PRIMARY KEY (`SCHED_NAME`, `TRIGGER_NAME`, `TRIGGER_GROUP`) USING BTREE,
  CONSTRAINT `qrtz_simple_triggers_ibfk_1` FOREIGN KEY (`SCHED_NAME`, `TRIGGER_NAME`, `TRIGGER_GROUP`) REFERENCES `qrtz_triggers` (`SCHED_NAME`, `TRIGGER_NAME`, `TRIGGER_GROUP`) ON DELETE RESTRICT ON UPDATE RESTRICT
) ENGINE = InnoDB CHARACTER SET = utf8 COLLATE = utf8_general_ci ROW_FORMAT = Dynamic;

-- ----------------------------
-- Records of qrtz_simple_triggers
-- ----------------------------
INSERT INTO `qrtz_simple_triggers` VALUES ('quartzScheduler', '579fcdfe15b74b33b1225ae98248e98b', '会议开始任务组', 0, 0, 0);
INSERT INTO `qrtz_simple_triggers` VALUES ('quartzScheduler', '579fcdfe15b74b33b1225ae98248e98b', '会议结束任务组', 0, 0, 0);
INSERT INTO `qrtz_simple_triggers` VALUES ('quartzScheduler', '579fcdfe15b74b33b1225ae98248e98b', '创建会议室ID任务组', 0, 0, 0);

-- ----------------------------
-- Table structure for qrtz_simprop_triggers
-- ----------------------------
DROP TABLE IF EXISTS `qrtz_simprop_triggers`;
CREATE TABLE `qrtz_simprop_triggers`  (
  `SCHED_NAME` varchar(120) CHARACTER SET utf8 COLLATE utf8_general_ci NOT NULL,
  `TRIGGER_NAME` varchar(200) CHARACTER SET utf8 COLLATE utf8_general_ci NOT NULL,
  `TRIGGER_GROUP` varchar(200) CHARACTER SET utf8 COLLATE utf8_general_ci NOT NULL,
  `STR_PROP_1` varchar(512) CHARACTER SET utf8 COLLATE utf8_general_ci NULL DEFAULT NULL,
  `STR_PROP_2` varchar(512) CHARACTER SET utf8 COLLATE utf8_general_ci NULL DEFAULT NULL,
  `STR_PROP_3` varchar(512) CHARACTER SET utf8 COLLATE utf8_general_ci NULL DEFAULT NULL,
  `INT_PROP_1` int(11) NULL DEFAULT NULL,
  `INT_PROP_2` int(11) NULL DEFAULT NULL,
  `LONG_PROP_1` bigint(20) NULL DEFAULT NULL,
  `LONG_PROP_2` bigint(20) NULL DEFAULT NULL,
  `DEC_PROP_1` decimal(13, 4) NULL DEFAULT NULL,
  `DEC_PROP_2` decimal(13, 4) NULL DEFAULT NULL,
  `BOOL_PROP_1` varchar(1) CHARACTER SET utf8 COLLATE utf8_general_ci NULL DEFAULT NULL,
  `BOOL_PROP_2` varchar(1) CHARACTER SET utf8 COLLATE utf8_general_ci NULL DEFAULT NULL,
  PRIMARY KEY (`SCHED_NAME`, `TRIGGER_NAME`, `TRIGGER_GROUP`) USING BTREE,
  CONSTRAINT `qrtz_simprop_triggers_ibfk_1` FOREIGN KEY (`SCHED_NAME`, `TRIGGER_NAME`, `TRIGGER_GROUP`) REFERENCES `qrtz_triggers` (`SCHED_NAME`, `TRIGGER_NAME`, `TRIGGER_GROUP`) ON DELETE RESTRICT ON UPDATE RESTRICT
) ENGINE = InnoDB CHARACTER SET = utf8 COLLATE = utf8_general_ci ROW_FORMAT = Dynamic;

-- ----------------------------
-- Records of qrtz_simprop_triggers
-- ----------------------------

-- ----------------------------
-- Table structure for qrtz_triggers
-- ----------------------------
DROP TABLE IF EXISTS `qrtz_triggers`;
CREATE TABLE `qrtz_triggers`  (
  `SCHED_NAME` varchar(120) CHARACTER SET utf8 COLLATE utf8_general_ci NOT NULL,
  `TRIGGER_NAME` varchar(200) CHARACTER SET utf8 COLLATE utf8_general_ci NOT NULL,
  `TRIGGER_GROUP` varchar(200) CHARACTER SET utf8 COLLATE utf8_general_ci NOT NULL,
  `JOB_NAME` varchar(200) CHARACTER SET utf8 COLLATE utf8_general_ci NOT NULL,
  `JOB_GROUP` varchar(200) CHARACTER SET utf8 COLLATE utf8_general_ci NOT NULL,
  `DESCRIPTION` varchar(250) CHARACTER SET utf8 COLLATE utf8_general_ci NULL DEFAULT NULL,
  `NEXT_FIRE_TIME` bigint(13) NULL DEFAULT NULL,
  `PREV_FIRE_TIME` bigint(13) NULL DEFAULT NULL,
  `PRIORITY` int(11) NULL DEFAULT NULL,
  `TRIGGER_STATE` varchar(16) CHARACTER SET utf8 COLLATE utf8_general_ci NOT NULL,
  `TRIGGER_TYPE` varchar(8) CHARACTER SET utf8 COLLATE utf8_general_ci NOT NULL,
  `START_TIME` bigint(13) NOT NULL,
  `END_TIME` bigint(13) NULL DEFAULT NULL,
  `CALENDAR_NAME` varchar(200) CHARACTER SET utf8 COLLATE utf8_general_ci NULL DEFAULT NULL,
  `MISFIRE_INSTR` smallint(2) NULL DEFAULT NULL,
  `JOB_DATA` blob NULL,
  PRIMARY KEY (`SCHED_NAME`, `TRIGGER_NAME`, `TRIGGER_GROUP`) USING BTREE,
  INDEX `IDX_QRTZ_T_J`(`SCHED_NAME`, `JOB_NAME`, `JOB_GROUP`) USING BTREE,
  INDEX `IDX_QRTZ_T_JG`(`SCHED_NAME`, `JOB_GROUP`) USING BTREE,
  INDEX `IDX_QRTZ_T_C`(`SCHED_NAME`, `CALENDAR_NAME`) USING BTREE,
  INDEX `IDX_QRTZ_T_G`(`SCHED_NAME`, `TRIGGER_GROUP`) USING BTREE,
  INDEX `IDX_QRTZ_T_STATE`(`SCHED_NAME`, `TRIGGER_STATE`) USING BTREE,
  INDEX `IDX_QRTZ_T_N_STATE`(`SCHED_NAME`, `TRIGGER_NAME`, `TRIGGER_GROUP`, `TRIGGER_STATE`) USING BTREE,
  INDEX `IDX_QRTZ_T_N_G_STATE`(`SCHED_NAME`, `TRIGGER_GROUP`, `TRIGGER_STATE`) USING BTREE,
  INDEX `IDX_QRTZ_T_NEXT_FIRE_TIME`(`SCHED_NAME`, `NEXT_FIRE_TIME`) USING BTREE,
  INDEX `IDX_QRTZ_T_NFT_ST`(`SCHED_NAME`, `TRIGGER_STATE`, `NEXT_FIRE_TIME`) USING BTREE,
  INDEX `IDX_QRTZ_T_NFT_MISFIRE`(`SCHED_NAME`, `MISFIRE_INSTR`, `NEXT_FIRE_TIME`) USING BTREE,
  INDEX `IDX_QRTZ_T_NFT_ST_MISFIRE`(`SCHED_NAME`, `MISFIRE_INSTR`, `NEXT_FIRE_TIME`, `TRIGGER_STATE`) USING BTREE,
  INDEX `IDX_QRTZ_T_NFT_ST_MISFIRE_GRP`(`SCHED_NAME`, `MISFIRE_INSTR`, `NEXT_FIRE_TIME`, `TRIGGER_GROUP`, `TRIGGER_STATE`) USING BTREE,
  CONSTRAINT `qrtz_triggers_ibfk_1` FOREIGN KEY (`SCHED_NAME`, `JOB_NAME`, `JOB_GROUP`) REFERENCES `qrtz_job_details` (`SCHED_NAME`, `JOB_NAME`, `JOB_GROUP`) ON DELETE RESTRICT ON UPDATE RESTRICT
) ENGINE = InnoDB CHARACTER SET = utf8 COLLATE = utf8_general_ci ROW_FORMAT = Dynamic;

-- ----------------------------
-- Records of qrtz_triggers
-- ----------------------------
INSERT INTO `qrtz_triggers` VALUES ('quartzScheduler', '579fcdfe15b74b33b1225ae98248e98b', '会议开始任务组', '6da64b5bd2ee-778db6aa-5b05-4264-9f04-c322255a50b9', 'DEFAULT', NULL, 1656138960000, -1, 5, 'WAITING', 'SIMPLE', 1656138960000, 0, NULL, 0, '');
INSERT INTO `qrtz_triggers` VALUES ('quartzScheduler', '579fcdfe15b74b33b1225ae98248e98b', '会议结束任务组', '6da64b5bd2ee-a2a1691d-0e04-4f01-ad6b-c0597085efcb', 'DEFAULT', NULL, 1656142560000, -1, 5, 'WAITING', 'SIMPLE', 1656142560000, 0, NULL, 0, '');
INSERT INTO `qrtz_triggers` VALUES ('quartzScheduler', '579fcdfe15b74b33b1225ae98248e98b', '创建会议室ID任务组', '6da64b5bd2ee-0bcade71-4229-4db6-b51d-4a89de6e576d', 'DEFAULT', NULL, 1656138060000, -1, 5, 'WAITING', 'SIMPLE', 1656138060000, 0, NULL, 0, '');

-- ----------------------------
-- Table structure for sys_config
-- ----------------------------
DROP TABLE IF EXISTS `sys_config`;
CREATE TABLE `sys_config`  (
  `id` int(10) UNSIGNED NOT NULL AUTO_INCREMENT COMMENT '主键',
  `param_key` varchar(200) CHARACTER SET utf8 COLLATE utf8_general_ci NOT NULL COMMENT '参数名',
  `param_value` varchar(200) CHARACTER SET utf8 COLLATE utf8_general_ci NULL DEFAULT NULL COMMENT '参数值',
  `status` tinyint(1) UNSIGNED NOT NULL COMMENT '状态',
  `remark` varchar(200) CHARACTER SET utf8 COLLATE utf8_general_ci NULL DEFAULT NULL COMMENT '备注',
  PRIMARY KEY (`id`) USING BTREE,
  UNIQUE INDEX `unq_param_key`(`param_key`) USING BTREE,
  INDEX `idx_status`(`status`) USING BTREE
) ENGINE = InnoDB AUTO_INCREMENT = 7 CHARACTER SET = utf8 COLLATE = utf8_general_ci ROW_FORMAT = Dynamic;

-- ----------------------------
-- Records of sys_config
-- ----------------------------
INSERT INTO `sys_config` VALUES (1, 'attendance_start_time', '06:00', 1, '上班考勤开始时间');
INSERT INTO `sys_config` VALUES (2, 'attendance_time', '08:30', 1, '上班时间');
INSERT INTO `sys_config` VALUES (3, 'attendance_end_time', '09:30', 1, '上班考勤截止时间');
INSERT INTO `sys_config` VALUES (4, 'closing_start_time', '16:30', 1, '下班考勤开始时间');
INSERT INTO `sys_config` VALUES (5, 'closing_time', '17:30', 1, '下班时间');
INSERT INTO `sys_config` VALUES (6, 'closing_end_time', '23:59', 1, '下班考勤截止时间');

-- ----------------------------
-- Table structure for tb_action
-- ----------------------------
DROP TABLE IF EXISTS `tb_action`;
CREATE TABLE `tb_action`  (
  `id` int(11) UNSIGNED NOT NULL AUTO_INCREMENT COMMENT '主键',
  `action_code` varchar(200) CHARACTER SET utf8 COLLATE utf8_general_ci NOT NULL COMMENT '行为编号',
  `action_name` varchar(200) CHARACTER SET utf8 COLLATE utf8_general_ci NOT NULL COMMENT '行为名称',
  PRIMARY KEY (`id`) USING BTREE,
  UNIQUE INDEX `unq_action_name`(`action_name`) USING BTREE
) ENGINE = InnoDB AUTO_INCREMENT = 8 CHARACTER SET = utf8 COLLATE = utf8_general_ci COMMENT = '行为表' ROW_FORMAT = Dynamic;

-- ----------------------------
-- Records of tb_action
-- ----------------------------
INSERT INTO `tb_action` VALUES (1, 'INSERT', '添加');
INSERT INTO `tb_action` VALUES (2, 'DELETE', '删除');
INSERT INTO `tb_action` VALUES (3, 'UPDATE', '修改');
INSERT INTO `tb_action` VALUES (4, 'SELECT', '查询');
INSERT INTO `tb_action` VALUES (5, 'APPROVAL', '审批');
INSERT INTO `tb_action` VALUES (6, 'EXPORT', '导出');
INSERT INTO `tb_action` VALUES (7, 'BACKUP', '备份');

-- ----------------------------
-- Table structure for tb_checkin
-- ----------------------------
DROP TABLE IF EXISTS `tb_checkin`;
CREATE TABLE `tb_checkin`  (
  `id` int(10) UNSIGNED NOT NULL AUTO_INCREMENT COMMENT '主键',
  `user_id` int(10) UNSIGNED NOT NULL COMMENT '用户ID',
  `address` varchar(255) CHARACTER SET utf8 COLLATE utf8_general_ci NULL DEFAULT NULL COMMENT '签到地址',
  `country` varchar(255) CHARACTER SET utf8 COLLATE utf8_general_ci NULL DEFAULT NULL COMMENT '国家',
  `province` varchar(255) CHARACTER SET utf8 COLLATE utf8_general_ci NULL DEFAULT NULL COMMENT '省份',
  `city` varchar(255) CHARACTER SET utf8 COLLATE utf8_general_ci NULL DEFAULT NULL COMMENT '城市',
  `district` varchar(255) CHARACTER SET utf8 COLLATE utf8_general_ci NULL DEFAULT NULL COMMENT '区划',
  `status` tinyint(3) UNSIGNED NOT NULL COMMENT '考勤结果',
  `risk` int(255) UNSIGNED NULL DEFAULT 0 COMMENT '风险等级',
  `date` date NOT NULL COMMENT '签到日期',
  `create_time` datetime(0) NOT NULL COMMENT '签到时间',
  PRIMARY KEY (`id`) USING BTREE,
  UNIQUE INDEX `unq_user_id`(`user_id`, `date`) USING BTREE,
  INDEX `idx_date`(`date`) USING BTREE,
  INDEX `idx_status`(`status`) USING BTREE
) ENGINE = InnoDB AUTO_INCREMENT = 5 CHARACTER SET = utf8 COLLATE = utf8_general_ci COMMENT = '签到表' ROW_FORMAT = Dynamic;

-- ----------------------------
-- Records of tb_checkin
-- ----------------------------
INSERT INTO `tb_checkin` VALUES (4, 7, '广东省佛山市南海区桃园西路', '中国', '广东省', '佛山市', '南海区', 2, 1, '2022-06-08', '2022-06-08 09:01:43');

-- ----------------------------
-- Table structure for tb_city
-- ----------------------------
DROP TABLE IF EXISTS `tb_city`;
CREATE TABLE `tb_city`  (
  `id` int(10) UNSIGNED NOT NULL AUTO_INCREMENT COMMENT '主键',
  `city` varchar(200) CHARACTER SET utf8 COLLATE utf8_general_ci NOT NULL COMMENT '城市名称',
  `code` varchar(200) CHARACTER SET utf8 COLLATE utf8_general_ci NOT NULL COMMENT '拼音简称',
  PRIMARY KEY (`id`) USING BTREE,
  INDEX `idx_city`(`city`) USING BTREE
) ENGINE = InnoDB AUTO_INCREMENT = 330 CHARACTER SET = utf8 COLLATE = utf8_general_ci COMMENT = '疫情城市列表' ROW_FORMAT = Dynamic;

-- ----------------------------
-- Records of tb_city
-- ----------------------------
INSERT INTO `tb_city` VALUES (1, '阿坝市', 'ab');
INSERT INTO `tb_city` VALUES (2, '安康市', 'ak');
INSERT INTO `tb_city` VALUES (3, '阿克苏市', 'aks');
INSERT INTO `tb_city` VALUES (4, '阿拉善市', 'alsm');
INSERT INTO `tb_city` VALUES (5, '安顺市', 'anshun');
INSERT INTO `tb_city` VALUES (6, '安庆市', 'aq');
INSERT INTO `tb_city` VALUES (7, '鞍山市', 'as');
INSERT INTO `tb_city` VALUES (8, '安阳市', 'ay');
INSERT INTO `tb_city` VALUES (9, '百色市', 'baise');
INSERT INTO `tb_city` VALUES (10, '白山市', 'baishan');
INSERT INTO `tb_city` VALUES (11, '宝鸡市', 'baoji');
INSERT INTO `tb_city` VALUES (12, '巴中市', 'bazhong');
INSERT INTO `tb_city` VALUES (13, '蚌埠市', 'bb');
INSERT INTO `tb_city` VALUES (14, '白城市', 'bc');
INSERT INTO `tb_city` VALUES (15, '保定市', 'bd');
INSERT INTO `tb_city` VALUES (16, '博尔塔拉市', 'betl');
INSERT INTO `tb_city` VALUES (17, '北海市', 'bh');
INSERT INTO `tb_city` VALUES (18, '毕节市', 'bijie');
INSERT INTO `tb_city` VALUES (19, '北京市', 'bj');
INSERT INTO `tb_city` VALUES (20, '西双版纳市', 'bn');
INSERT INTO `tb_city` VALUES (21, '亳州市', 'bozhou');
INSERT INTO `tb_city` VALUES (22, '保山市', 'bs');
INSERT INTO `tb_city` VALUES (23, '包头市', 'bt');
INSERT INTO `tb_city` VALUES (24, '本溪市', 'bx');
INSERT INTO `tb_city` VALUES (25, '白银市', 'by');
INSERT INTO `tb_city` VALUES (26, '巴彦淖尔市', 'bycem');
INSERT INTO `tb_city` VALUES (27, '巴音郭楞市', 'bygl');
INSERT INTO `tb_city` VALUES (28, '滨州市', 'bz');
INSERT INTO `tb_city` VALUES (29, '沧州市', 'cangzhou');
INSERT INTO `tb_city` VALUES (30, '长春市', 'cc');
INSERT INTO `tb_city` VALUES (31, '成都市', 'cd');
INSERT INTO `tb_city` VALUES (32, '赤峰市', 'cf');
INSERT INTO `tb_city` VALUES (33, '常德市', 'changde');
INSERT INTO `tb_city` VALUES (34, '长治市', 'changzhi');
INSERT INTO `tb_city` VALUES (35, '潮州市', 'chaozhou');
INSERT INTO `tb_city` VALUES (36, '承德市', 'chengde');
INSERT INTO `tb_city` VALUES (37, '郴州市', 'chenzhou');
INSERT INTO `tb_city` VALUES (38, '池州市', 'chizhou');
INSERT INTO `tb_city` VALUES (39, '崇左市', 'chongzuo');
INSERT INTO `tb_city` VALUES (40, '滁州市', 'chuzhou');
INSERT INTO `tb_city` VALUES (41, '昌吉市', 'cj');
INSERT INTO `tb_city` VALUES (42, '重庆市', 'cq');
INSERT INTO `tb_city` VALUES (43, '长沙市', 'cs');
INSERT INTO `tb_city` VALUES (44, '楚雄市', 'cx');
INSERT INTO `tb_city` VALUES (45, '朝阳市', 'cy');
INSERT INTO `tb_city` VALUES (46, '常州市', 'cz');
INSERT INTO `tb_city` VALUES (47, '大理市', 'dali');
INSERT INTO `tb_city` VALUES (48, '达州市', 'dazhou');
INSERT INTO `tb_city` VALUES (49, '丹东市', 'dd');
INSERT INTO `tb_city` VALUES (50, '德阳市', 'deyang');
INSERT INTO `tb_city` VALUES (51, '东莞市', 'dg');
INSERT INTO `tb_city` VALUES (52, '德宏市', 'dh');
INSERT INTO `tb_city` VALUES (53, '迪庆市', 'diqing');
INSERT INTO `tb_city` VALUES (54, '大连市', 'dl');
INSERT INTO `tb_city` VALUES (55, '大庆市', 'dq');
INSERT INTO `tb_city` VALUES (56, '大同市', 'dt');
INSERT INTO `tb_city` VALUES (57, '定西市', 'dx');
INSERT INTO `tb_city` VALUES (58, '大兴安岭市', 'dxal');
INSERT INTO `tb_city` VALUES (59, '东营市', 'dy');
INSERT INTO `tb_city` VALUES (60, '德州市', 'dz');
INSERT INTO `tb_city` VALUES (61, '鄂尔多斯市', 'erds');
INSERT INTO `tb_city` VALUES (62, '恩施市', 'es');
INSERT INTO `tb_city` VALUES (63, '鄂州市', 'ez');
INSERT INTO `tb_city` VALUES (64, '防城港市', 'fcg');
INSERT INTO `tb_city` VALUES (65, '佛山市', 'fs');
INSERT INTO `tb_city` VALUES (66, '抚顺市', 'fushun');
INSERT INTO `tb_city` VALUES (67, '抚州市', 'fuzhou');
INSERT INTO `tb_city` VALUES (68, '阜新市', 'fx');
INSERT INTO `tb_city` VALUES (69, '阜阳市', 'fy');
INSERT INTO `tb_city` VALUES (70, '福州市', 'fz');
INSERT INTO `tb_city` VALUES (71, '广安市', 'ga');
INSERT INTO `tb_city` VALUES (72, '赣州市', 'ganzhou');
INSERT INTO `tb_city` VALUES (73, '甘孜市', 'ganzi');
INSERT INTO `tb_city` VALUES (74, '贵港市', 'gg');
INSERT INTO `tb_city` VALUES (75, '桂林市', 'gl');
INSERT INTO `tb_city` VALUES (76, '广元市', 'guangyuan');
INSERT INTO `tb_city` VALUES (77, '果洛市', 'guoluo');
INSERT INTO `tb_city` VALUES (78, '固原市', 'guyuan');
INSERT INTO `tb_city` VALUES (79, '贵阳市', 'gy');
INSERT INTO `tb_city` VALUES (80, '广州市', 'gz');
INSERT INTO `tb_city` VALUES (81, '淮安市', 'ha');
INSERT INTO `tb_city` VALUES (82, '海北市', 'haibei');
INSERT INTO `tb_city` VALUES (83, '海东市', 'haidong');
INSERT INTO `tb_city` VALUES (84, '海南市', 'hainan');
INSERT INTO `tb_city` VALUES (85, '汉中市', 'hanzhong');
INSERT INTO `tb_city` VALUES (86, '鹤壁市', 'hb');
INSERT INTO `tb_city` VALUES (87, '河池市', 'hc');
INSERT INTO `tb_city` VALUES (88, '邯郸市', 'hd');
INSERT INTO `tb_city` VALUES (89, '哈尔滨市', 'heb');
INSERT INTO `tb_city` VALUES (90, '鹤岗市', 'hegang');
INSERT INTO `tb_city` VALUES (91, '黑河市', 'heihe');
INSERT INTO `tb_city` VALUES (92, '河源市', 'heyuan');
INSERT INTO `tb_city` VALUES (93, '菏泽市', 'heze');
INSERT INTO `tb_city` VALUES (94, '贺州市', 'hezhou');
INSERT INTO `tb_city` VALUES (95, '合肥市', 'hf');
INSERT INTO `tb_city` VALUES (96, '黄冈市', 'hg');
INSERT INTO `tb_city` VALUES (97, '怀化市', 'hh');
INSERT INTO `tb_city` VALUES (98, '呼伦贝尔市', 'hlbe');
INSERT INTO `tb_city` VALUES (99, '葫芦岛市', 'hld');
INSERT INTO `tb_city` VALUES (100, '哈密市', 'hm');
INSERT INTO `tb_city` VALUES (101, '淮南市', 'hn');
INSERT INTO `tb_city` VALUES (102, '红河市', 'honghe');
INSERT INTO `tb_city` VALUES (103, '衡水市', 'hs');
INSERT INTO `tb_city` VALUES (104, '黄石市', 'hshi');
INSERT INTO `tb_city` VALUES (105, '和田市', 'ht');
INSERT INTO `tb_city` VALUES (106, '呼和浩特市', 'hu');
INSERT INTO `tb_city` VALUES (107, '淮北市', 'huaibei');
INSERT INTO `tb_city` VALUES (108, '黄南市', 'huangnan');
INSERT INTO `tb_city` VALUES (109, '黄山市', 'huangshan');
INSERT INTO `tb_city` VALUES (110, '惠州市', 'huizhou');
INSERT INTO `tb_city` VALUES (111, '湖州市', 'huzhou');
INSERT INTO `tb_city` VALUES (112, '海西市', 'hx');
INSERT INTO `tb_city` VALUES (113, '衡阳市', 'hy');
INSERT INTO `tb_city` VALUES (114, '杭州市', 'hz');
INSERT INTO `tb_city` VALUES (115, '吉安市', 'ja');
INSERT INTO `tb_city` VALUES (116, '晋城市', 'jc');
INSERT INTO `tb_city` VALUES (117, '景德镇市', 'jdz');
INSERT INTO `tb_city` VALUES (118, '金华市', 'jh');
INSERT INTO `tb_city` VALUES (119, '焦作市', 'jiaozuo');
INSERT INTO `tb_city` VALUES (120, '金昌市', 'jinchang');
INSERT INTO `tb_city` VALUES (121, '荆门市', 'jingmen');
INSERT INTO `tb_city` VALUES (122, '荆州市', 'jingzhou');
INSERT INTO `tb_city` VALUES (123, '济宁市', 'jining');
INSERT INTO `tb_city` VALUES (124, '锦州市', 'jinzhou');
INSERT INTO `tb_city` VALUES (125, '鸡西市', 'jixi');
INSERT INTO `tb_city` VALUES (126, '济源市', 'jiyuan');
INSERT INTO `tb_city` VALUES (127, '九江市', 'jj');
INSERT INTO `tb_city` VALUES (128, '吉林市', 'jl');
INSERT INTO `tb_city` VALUES (129, '江门市', 'jm');
INSERT INTO `tb_city` VALUES (130, '佳木斯市', 'jms');
INSERT INTO `tb_city` VALUES (131, '济南市', 'jn');
INSERT INTO `tb_city` VALUES (132, '酒泉市', 'jq');
INSERT INTO `tb_city` VALUES (133, '嘉兴市', 'jx');
INSERT INTO `tb_city` VALUES (134, '揭阳市', 'jy');
INSERT INTO `tb_city` VALUES (135, '嘉峪关市', 'jyg');
INSERT INTO `tb_city` VALUES (136, '晋中市', 'jz');
INSERT INTO `tb_city` VALUES (137, '喀什市', 'kashi');
INSERT INTO `tb_city` VALUES (138, '开封市', 'kf');
INSERT INTO `tb_city` VALUES (139, '克拉玛依市', 'klmy');
INSERT INTO `tb_city` VALUES (140, '昆明市', 'km');
INSERT INTO `tb_city` VALUES (141, '克孜勒苏市', 'kzls');
INSERT INTO `tb_city` VALUES (142, '六安市', 'la');
INSERT INTO `tb_city` VALUES (143, '来宾市', 'lb');
INSERT INTO `tb_city` VALUES (144, '聊城市', 'lc');
INSERT INTO `tb_city` VALUES (145, '娄底市', 'ld');
INSERT INTO `tb_city` VALUES (146, '乐山市', 'leshan');
INSERT INTO `tb_city` VALUES (147, '廊坊市', 'lf');
INSERT INTO `tb_city` VALUES (148, '漯河市', 'lh');
INSERT INTO `tb_city` VALUES (149, '凉山市', 'liangshan');
INSERT INTO `tb_city` VALUES (150, '辽阳市', 'liaoyang');
INSERT INTO `tb_city` VALUES (151, '辽源市', 'liaoyuan');
INSERT INTO `tb_city` VALUES (152, '临沧市', 'lincang');
INSERT INTO `tb_city` VALUES (153, '临汾市', 'linfen');
INSERT INTO `tb_city` VALUES (154, '临沂市', 'linyi');
INSERT INTO `tb_city` VALUES (155, '丽水市', 'lishui');
INSERT INTO `tb_city` VALUES (156, '柳州市', 'liuzhou');
INSERT INTO `tb_city` VALUES (157, '丽江市', 'lj');
INSERT INTO `tb_city` VALUES (158, '吕梁市', 'll');
INSERT INTO `tb_city` VALUES (159, '陇南市', 'ln');
INSERT INTO `tb_city` VALUES (160, '龙岩市', 'longyan');
INSERT INTO `tb_city` VALUES (161, '六盘水市', 'lps');
INSERT INTO `tb_city` VALUES (162, '泸州市', 'luzhou');
INSERT INTO `tb_city` VALUES (163, '洛阳市', 'ly');
INSERT INTO `tb_city` VALUES (164, '连云港市', 'lyg');
INSERT INTO `tb_city` VALUES (165, '兰州市', 'lz');
INSERT INTO `tb_city` VALUES (166, '马鞍山市', 'mas');
INSERT INTO `tb_city` VALUES (167, '牡丹江市', 'mdj');
INSERT INTO `tb_city` VALUES (168, '茂名市', 'mm');
INSERT INTO `tb_city` VALUES (169, '眉山市', 'ms');
INSERT INTO `tb_city` VALUES (170, '绵阳市', 'my');
INSERT INTO `tb_city` VALUES (171, '梅州市', 'mz');
INSERT INTO `tb_city` VALUES (172, '南充市', 'nanchong');
INSERT INTO `tb_city` VALUES (173, '宁波市', 'nb');
INSERT INTO `tb_city` VALUES (174, '南昌市', 'nc');
INSERT INTO `tb_city` VALUES (175, '宁德市', 'nd');
INSERT INTO `tb_city` VALUES (176, '内江市', 'neijiang');
INSERT INTO `tb_city` VALUES (177, '南京市', 'nj');
INSERT INTO `tb_city` VALUES (178, '南宁市', 'nn');
INSERT INTO `tb_city` VALUES (179, '南平市', 'np');
INSERT INTO `tb_city` VALUES (180, '南通市', 'nt');
INSERT INTO `tb_city` VALUES (181, '怒江市', 'nujiang');
INSERT INTO `tb_city` VALUES (182, '南阳市', 'ny');
INSERT INTO `tb_city` VALUES (183, '平顶山市', 'pds');
INSERT INTO `tb_city` VALUES (184, '普洱市', 'pe');
INSERT INTO `tb_city` VALUES (185, '盘锦市', 'pj');
INSERT INTO `tb_city` VALUES (186, '平凉市', 'pl');
INSERT INTO `tb_city` VALUES (187, '莆田市', 'pt');
INSERT INTO `tb_city` VALUES (188, '萍乡市', 'px');
INSERT INTO `tb_city` VALUES (189, '濮阳市', 'py');
INSERT INTO `tb_city` VALUES (190, '攀枝花市', 'pzh');
INSERT INTO `tb_city` VALUES (191, '青岛市', 'qd');
INSERT INTO `tb_city` VALUES (192, '黔东南市', 'qdn');
INSERT INTO `tb_city` VALUES (193, '秦皇岛市', 'qhd');
INSERT INTO `tb_city` VALUES (194, '潜江市', 'qianjiang');
INSERT INTO `tb_city` VALUES (195, '庆阳市', 'qingyang');
INSERT INTO `tb_city` VALUES (196, '钦州市', 'qinzhou');
INSERT INTO `tb_city` VALUES (197, '曲靖市', 'qj');
INSERT INTO `tb_city` VALUES (198, '黔南市', 'qn');
INSERT INTO `tb_city` VALUES (199, '齐齐哈尔市', 'qqhr');
INSERT INTO `tb_city` VALUES (200, '七台河市', 'qth');
INSERT INTO `tb_city` VALUES (201, '衢州市', 'quzhou');
INSERT INTO `tb_city` VALUES (202, '黔西南市', 'qxn');
INSERT INTO `tb_city` VALUES (203, '清远市', 'qy');
INSERT INTO `tb_city` VALUES (204, '泉州市', 'qz');
INSERT INTO `tb_city` VALUES (205, '日照市', 'rz');
INSERT INTO `tb_city` VALUES (206, '三亚市', 'sanya');
INSERT INTO `tb_city` VALUES (207, '韶关市', 'sg');
INSERT INTO `tb_city` VALUES (208, '上海市', 'sh');
INSERT INTO `tb_city` VALUES (209, '邵阳市', 'shaoyang');
INSERT INTO `tb_city` VALUES (210, '十堰市', 'shiyan');
INSERT INTO `tb_city` VALUES (211, '朔州市', 'shuozhou');
INSERT INTO `tb_city` VALUES (212, '石家庄市', 'sjz');
INSERT INTO `tb_city` VALUES (213, '商洛市', 'sl');
INSERT INTO `tb_city` VALUES (214, '三明市', 'sm');
INSERT INTO `tb_city` VALUES (215, '三门峡市', 'smx');
INSERT INTO `tb_city` VALUES (216, '神农架市', 'snj');
INSERT INTO `tb_city` VALUES (217, '松原市', 'songyuan');
INSERT INTO `tb_city` VALUES (218, '四平市', 'sp');
INSERT INTO `tb_city` VALUES (219, '商丘市', 'sq');
INSERT INTO `tb_city` VALUES (220, '上饶市', 'sr');
INSERT INTO `tb_city` VALUES (221, '汕头市', 'st');
INSERT INTO `tb_city` VALUES (222, '宿州市', 'su');
INSERT INTO `tb_city` VALUES (223, '绥化市', 'suihua');
INSERT INTO `tb_city` VALUES (224, '遂宁市', 'suining');
INSERT INTO `tb_city` VALUES (225, '随州市', 'suizhou');
INSERT INTO `tb_city` VALUES (226, '宿迁市', 'suqian');
INSERT INTO `tb_city` VALUES (227, '苏州市', 'suzhou');
INSERT INTO `tb_city` VALUES (228, '汕尾市', 'sw');
INSERT INTO `tb_city` VALUES (229, '绍兴市', 'sx');
INSERT INTO `tb_city` VALUES (230, '沈阳市', 'sy');
INSERT INTO `tb_city` VALUES (231, '双鸭山市', 'sys');
INSERT INTO `tb_city` VALUES (232, '深圳市', 'bendibao.com/news/yqdengji/');
INSERT INTO `tb_city` VALUES (233, '石嘴山市', 'szs');
INSERT INTO `tb_city` VALUES (234, '泰安市', 'ta');
INSERT INTO `tb_city` VALUES (235, '塔城市', 'tacheng');
INSERT INTO `tb_city` VALUES (236, '泰州市', 'taizhou');
INSERT INTO `tb_city` VALUES (237, '铜川市', 'tc');
INSERT INTO `tb_city` VALUES (238, '通化市', 'th');
INSERT INTO `tb_city` VALUES (239, '天水市', 'tianshui');
INSERT INTO `tb_city` VALUES (240, '天津市', 'tj');
INSERT INTO `tb_city` VALUES (241, '吐鲁番市', 'tlf');
INSERT INTO `tb_city` VALUES (242, '天门市', 'tm');
INSERT INTO `tb_city` VALUES (243, '通辽市', 'tongliao');
INSERT INTO `tb_city` VALUES (244, '铜陵市', 'tongling');
INSERT INTO `tb_city` VALUES (245, '铜仁市', 'tr');
INSERT INTO `tb_city` VALUES (246, '唐山市', 'ts');
INSERT INTO `tb_city` VALUES (247, '太原市', 'ty');
INSERT INTO `tb_city` VALUES (248, '台州市', 'tz');
INSERT INTO `tb_city` VALUES (249, '威海市', 'weihai');
INSERT INTO `tb_city` VALUES (250, '潍坊市', 'wf');
INSERT INTO `tb_city` VALUES (251, '武汉市', 'wh');
INSERT INTO `tb_city` VALUES (252, '乌兰察布市', 'wlcb');
INSERT INTO `tb_city` VALUES (253, '乌鲁木齐市', 'wlmq');
INSERT INTO `tb_city` VALUES (254, '渭南市', 'wn');
INSERT INTO `tb_city` VALUES (255, '文山市', 'ws');
INSERT INTO `tb_city` VALUES (256, '乌海市', 'wuhai');
INSERT INTO `tb_city` VALUES (257, '芜湖市', 'wuhu');
INSERT INTO `tb_city` VALUES (258, '武威市', 'wuwei');
INSERT INTO `tb_city` VALUES (259, '吴忠市', 'wuzhong');
INSERT INTO `tb_city` VALUES (260, '梧州市', 'wuzhou');
INSERT INTO `tb_city` VALUES (261, '无锡市', 'wx');
INSERT INTO `tb_city` VALUES (262, '温州市', 'wz');
INSERT INTO `tb_city` VALUES (263, '五指山市', 'wzs');
INSERT INTO `tb_city` VALUES (264, '西安市', 'xa');
INSERT INTO `tb_city` VALUES (265, '兴安市', 'xam');
INSERT INTO `tb_city` VALUES (266, '许昌市', 'xc');
INSERT INTO `tb_city` VALUES (267, '襄阳市', 'xf');
INSERT INTO `tb_city` VALUES (268, '孝感市', 'xg');
INSERT INTO `tb_city` VALUES (269, '湘潭市', 'xiangtan');
INSERT INTO `tb_city` VALUES (270, '湘西市', 'xiangxi');
INSERT INTO `tb_city` VALUES (271, '咸宁市', 'xianning');
INSERT INTO `tb_city` VALUES (272, '仙桃市', 'xiantao');
INSERT INTO `tb_city` VALUES (273, '咸阳市', 'xianyang');
INSERT INTO `tb_city` VALUES (274, '新余市', 'xinyu');
INSERT INTO `tb_city` VALUES (275, '忻州市', 'xinzhou');
INSERT INTO `tb_city` VALUES (276, '锡林郭勒市', 'xl');
INSERT INTO `tb_city` VALUES (277, '厦门市', 'xm');
INSERT INTO `tb_city` VALUES (278, '西宁市', 'xn');
INSERT INTO `tb_city` VALUES (279, '邢台市', 'xt');
INSERT INTO `tb_city` VALUES (280, '宣城市', 'xuancheng');
INSERT INTO `tb_city` VALUES (281, '新乡市', 'xx');
INSERT INTO `tb_city` VALUES (282, '信阳市', 'xy');
INSERT INTO `tb_city` VALUES (283, '徐州市', 'xz');
INSERT INTO `tb_city` VALUES (284, '雅安市', 'ya');
INSERT INTO `tb_city` VALUES (285, '延边市', 'yanbian');
INSERT INTO `tb_city` VALUES (286, '盐城市', 'yancheng');
INSERT INTO `tb_city` VALUES (287, '阳泉市', 'yangquan');
INSERT INTO `tb_city` VALUES (288, '宜宾市', 'yb');
INSERT INTO `tb_city` VALUES (289, '银川市', 'yc');
INSERT INTO `tb_city` VALUES (290, '云浮市', 'yf');
INSERT INTO `tb_city` VALUES (291, '伊春市', 'yich');
INSERT INTO `tb_city` VALUES (292, '宜昌市', 'yichang');
INSERT INTO `tb_city` VALUES (293, '宜春市', 'yichun');
INSERT INTO `tb_city` VALUES (294, '伊犁市', 'yili');
INSERT INTO `tb_city` VALUES (295, '鹰潭市', 'yingtan');
INSERT INTO `tb_city` VALUES (296, '益阳市', 'yiyang');
INSERT INTO `tb_city` VALUES (297, '阳江市', 'yj');
INSERT INTO `tb_city` VALUES (298, '营口市', 'yk');
INSERT INTO `tb_city` VALUES (299, '榆林市', 'yl');
INSERT INTO `tb_city` VALUES (300, '延安市', 'yn');
INSERT INTO `tb_city` VALUES (301, '永州市', 'yongzhou');
INSERT INTO `tb_city` VALUES (302, '玉树市', 'ys');
INSERT INTO `tb_city` VALUES (303, '烟台市', 'yt');
INSERT INTO `tb_city` VALUES (304, '玉林市', 'yulin');
INSERT INTO `tb_city` VALUES (305, '运城市', 'yuncheng');
INSERT INTO `tb_city` VALUES (306, '玉溪市', 'yx');
INSERT INTO `tb_city` VALUES (307, '岳阳市', 'yy');
INSERT INTO `tb_city` VALUES (308, '扬州市', 'yz');
INSERT INTO `tb_city` VALUES (309, '枣庄市', 'zaozhuang');
INSERT INTO `tb_city` VALUES (310, '淄博市', 'zb');
INSERT INTO `tb_city` VALUES (311, '自贡市', 'zg');
INSERT INTO `tb_city` VALUES (312, '珠海市', 'zh');
INSERT INTO `tb_city` VALUES (313, '张掖市', 'zhangye');
INSERT INTO `tb_city` VALUES (314, '漳州市', 'zhangzhou');
INSERT INTO `tb_city` VALUES (315, '湛江市', 'zhanjiang');
INSERT INTO `tb_city` VALUES (316, '舟山市', 'zhoushan');
INSERT INTO `tb_city` VALUES (317, '株洲市', 'zhuzhou');
INSERT INTO `tb_city` VALUES (318, '镇江市', 'zj');
INSERT INTO `tb_city` VALUES (319, '张家界市', 'zjj');
INSERT INTO `tb_city` VALUES (320, '张家口市', 'zjk');
INSERT INTO `tb_city` VALUES (321, '周口市', 'zk');
INSERT INTO `tb_city` VALUES (322, '驻马店市', 'zmd');
INSERT INTO `tb_city` VALUES (323, '肇庆市', 'zq');
INSERT INTO `tb_city` VALUES (324, '中山市', 'zs');
INSERT INTO `tb_city` VALUES (325, '昭通市', 'zt');
INSERT INTO `tb_city` VALUES (326, '遵义市', 'zunyi');
INSERT INTO `tb_city` VALUES (327, '中卫市', 'zw');
INSERT INTO `tb_city` VALUES (328, '资阳市', 'zy');
INSERT INTO `tb_city` VALUES (329, '郑州市', 'zz');

-- ----------------------------
-- Table structure for tb_dept
-- ----------------------------
DROP TABLE IF EXISTS `tb_dept`;
CREATE TABLE `tb_dept`  (
  `id` int(10) UNSIGNED NOT NULL AUTO_INCREMENT COMMENT '主键',
  `dept_name` varchar(200) CHARACTER SET utf8 COLLATE utf8_general_ci NOT NULL COMMENT '部门名称',
  PRIMARY KEY (`id`) USING BTREE,
  UNIQUE INDEX `unq_dept_name`(`dept_name`) USING BTREE
) ENGINE = InnoDB AUTO_INCREMENT = 12 CHARACTER SET = utf8 COLLATE = utf8_general_ci ROW_FORMAT = Dynamic;

-- ----------------------------
-- Records of tb_dept
-- ----------------------------
INSERT INTO `tb_dept` VALUES (11, '保安部');
INSERT INTO `tb_dept` VALUES (5, '后勤部');
INSERT INTO `tb_dept` VALUES (4, '市场部');
INSERT INTO `tb_dept` VALUES (3, '技术部');
INSERT INTO `tb_dept` VALUES (1, '管理部');
INSERT INTO `tb_dept` VALUES (2, '行政部');

-- ----------------------------
-- Table structure for tb_face_model
-- ----------------------------
DROP TABLE IF EXISTS `tb_face_model`;
CREATE TABLE `tb_face_model`  (
  `id` int(10) UNSIGNED NOT NULL AUTO_INCREMENT COMMENT '主键值',
  `user_id` int(10) UNSIGNED NOT NULL COMMENT '用户ID',
  `face_model` text CHARACTER SET utf8 COLLATE utf8_general_ci NOT NULL COMMENT '用户人脸模型',
  PRIMARY KEY (`id`) USING BTREE,
  UNIQUE INDEX `unq_user_id`(`user_id`) USING BTREE
) ENGINE = InnoDB AUTO_INCREMENT = 2 CHARACTER SET = utf8 COLLATE = utf8_general_ci ROW_FORMAT = Dynamic;

-- ----------------------------
-- Records of tb_face_model
-- ----------------------------
INSERT INTO `tb_face_model` VALUES (1, 7, '[-0.0909569039940834, 0.048743732273578644, 0.04741987586021423, -0.09839701652526855, -0.06937679648399353, -0.03333165869116783, -0.04468042775988579, -0.10893039405345917, 0.15742217004299164, -0.10404359549283981, 0.28887829184532166, -0.043242666870355606, -0.1640765517950058, -0.11092143505811691, -0.03887861967086792, 0.19401216506958008, -0.17341066896915436, -0.11201021075248718, -0.07397381216287613, 0.0599820539355278, 0.08195486664772034, -0.010882191359996796, 0.038689129054546356, 0.05996475741267204, -0.16048161685466766, -0.40658000111579895, -0.07876838743686676, -0.1142803281545639, -0.016909651458263397, -0.0512777715921402, -0.0084373215213418, 0.016484776511788368, -0.1855335235595703, -0.02812947705388069, 0.035989828407764435, 0.042082831263542175, -0.03317667171359062, -0.08417078852653503, 0.205897256731987, 0.011632314883172512, -0.30877161026000977, -0.024130430072546005, 0.02493838407099247, 0.22925840318202972, 0.17757466435432434, 0.04448048770427704, 0.04348674416542053, -0.1612866073846817, 0.15861330926418304, -0.18573066592216492, 0.041278544813394547, 0.09639126807451248, 0.01737731322646141, 0.06379351019859314, 0.006152988877147436, -0.08520221710205078, 0.036921389400959015, 0.14688721299171448, -0.17351402342319489, -0.05275589972734451, 0.03523379564285278, -0.05435636639595032, -0.04641290009021759, -0.12120556831359863, 0.22742514312267303, 0.08723378926515579, -0.15802593529224396, -0.12507008016109467, 0.11983997374773026, -0.11840005964040756, -0.031815383583307266, 0.0815327912569046, -0.16249580681324005, -0.19863757491111755, -0.31079912185668945, -0.030001137405633926, 0.36773547530174255, 0.10377667844295502, -0.18123236298561096, -0.030167002230882645, -0.07863292098045349, 0.022028762847185135, 0.11177671700716019, 0.17667190730571747, 0.029452113434672356, 0.04634237289428711, -0.018847009167075157, 0.018105994910001755, 0.21204568445682526, -0.08199187368154526, 0.02330756187438965, 0.27032795548439026, -0.02672385796904564, 0.061509840190410614, -0.03985482454299927, 0.043847717344760895, -0.0858934223651886, 0.06438226997852325, -0.07077787816524506, 0.003216478507965803, 0.07363444566726685, 0.08171829581260681, 0.060160376131534576, 0.13335107266902924, -0.2024058997631073, 0.14538680016994476, 0.007299301214516163, 0.05948073789477348, 0.12426143139600754, -0.026990581303834915, -0.013718832284212112, -0.14139388501644135, 0.08469421416521072, -0.20202964544296265, 0.15668794512748718, 0.17689183354377747, 0.06208471208810806, 0.09670745581388474, 0.07083572447299957, 0.03874116763472557, -0.04837328568100929, -0.03303923457860947, -0.2726166546344757, 0.059104833751916885, 0.11768840253353119, -0.027193432673811913, 0.05537138134241104, -0.06482234597206116]');

-- ----------------------------
-- Table structure for tb_holidays
-- ----------------------------
DROP TABLE IF EXISTS `tb_holidays`;
CREATE TABLE `tb_holidays`  (
  `id` int(10) UNSIGNED NOT NULL AUTO_INCREMENT COMMENT '主键',
  `date` date NOT NULL COMMENT '日期',
  PRIMARY KEY (`id`) USING BTREE,
  UNIQUE INDEX `unq_date`(`date`) USING BTREE
) ENGINE = InnoDB AUTO_INCREMENT = 19 CHARACTER SET = utf8 COLLATE = utf8_general_ci COMMENT = '节假日表' ROW_FORMAT = Dynamic;

-- ----------------------------
-- Records of tb_holidays
-- ----------------------------
INSERT INTO `tb_holidays` VALUES (1, '2022-01-03');
INSERT INTO `tb_holidays` VALUES (2, '2022-01-31');
INSERT INTO `tb_holidays` VALUES (3, '2022-02-01');
INSERT INTO `tb_holidays` VALUES (4, '2022-02-02');
INSERT INTO `tb_holidays` VALUES (5, '2022-02-03');
INSERT INTO `tb_holidays` VALUES (6, '2022-02-04');
INSERT INTO `tb_holidays` VALUES (7, '2022-04-04');
INSERT INTO `tb_holidays` VALUES (8, '2022-04-05');
INSERT INTO `tb_holidays` VALUES (9, '2022-05-02');
INSERT INTO `tb_holidays` VALUES (10, '2022-05-03');
INSERT INTO `tb_holidays` VALUES (11, '2022-05-04');
INSERT INTO `tb_holidays` VALUES (12, '2022-06-03');
INSERT INTO `tb_holidays` VALUES (13, '2022-09-12');
INSERT INTO `tb_holidays` VALUES (14, '2022-10-03');
INSERT INTO `tb_holidays` VALUES (15, '2022-10-04');
INSERT INTO `tb_holidays` VALUES (16, '2022-10-05');
INSERT INTO `tb_holidays` VALUES (17, '2022-10-06');
INSERT INTO `tb_holidays` VALUES (18, '2022-10-07');

-- ----------------------------
-- Table structure for tb_meeting
-- ----------------------------
DROP TABLE IF EXISTS `tb_meeting`;
CREATE TABLE `tb_meeting`  (
  `id` bigint(20) UNSIGNED NOT NULL AUTO_INCREMENT COMMENT '主键',
  `uuid` varchar(200) CHARACTER SET utf8 COLLATE utf8_general_ci NULL DEFAULT NULL COMMENT 'UUID',
  `title` varchar(200) CHARACTER SET utf8 COLLATE utf8_general_ci NOT NULL COMMENT '会议题目',
  `creator_id` bigint(200) NOT NULL COMMENT '创建人ID',
  `date` date NOT NULL COMMENT '日期',
  `place` varchar(200) CHARACTER SET utf8 COLLATE utf8_general_ci NULL DEFAULT NULL COMMENT '开会地点',
  `start` time(0) NOT NULL COMMENT '开始时间',
  `end` time(0) NOT NULL COMMENT '结束时间',
  `type` smallint(6) NOT NULL COMMENT '会议类型（1在线会议，2线下会议）',
  `members` json NOT NULL COMMENT '参与者',
  `desc` varchar(200) CHARACTER SET utf8 COLLATE utf8_general_ci NOT NULL COMMENT '会议内容',
  `instance_id` varchar(200) CHARACTER SET utf8 COLLATE utf8_general_ci NULL DEFAULT NULL COMMENT '工作流实例ID',
  `status` smallint(6) NOT NULL COMMENT '状态（1未开始，2进行中，3已结束）',
  `create_time` datetime(0) NOT NULL ON UPDATE CURRENT_TIMESTAMP(0) COMMENT '创建时间',
  PRIMARY KEY (`id`) USING BTREE,
  INDEX `idx_creator_id`(`creator_id`) USING BTREE,
  INDEX `idx_date`(`date`) USING BTREE,
  INDEX `idx_type`(`type`) USING BTREE,
  INDEX `idx_status`(`status`) USING BTREE
) ENGINE = InnoDB AUTO_INCREMENT = 120 CHARACTER SET = utf8 COLLATE = utf8_general_ci COMMENT = '会议表' ROW_FORMAT = Dynamic;

-- ----------------------------
-- Records of tb_meeting
-- ----------------------------
INSERT INTO `tb_meeting` VALUES (1, '312c596afa964feea7f64f4e1536246a', '测试会议1', 21, '2022-06-10', NULL, '08:30:00', '10:30:00', 1, '[21, 30, 33, 38, 48]', '会议研讨OOAS项目上线测试', '49b35ecb-f383-11ec-9a3b-0242ac110004', 5, '2022-06-24 14:03:00');
INSERT INTO `tb_meeting` VALUES (107, '8884bbd33bfd43c4980cdcd6c25a6de4', 'test12345642343', 21, '2022-06-11', NULL, '00:46:00', '01:46:00', 1, '[21, 30, 33, 45, 46]', '会议内容法国人太热各色发展GV', '39aa558d-e981-11ec-90db-0242ac110002', 5, '2022-06-11 20:23:35');
INSERT INTO `tb_meeting` VALUES (108, '7ef6738bca1a4864bc5ad92c418abf27', '讨论毕业典礼', 21, '2022-06-15', NULL, '17:41:00', '19:39:00', 1, '[21, 30, 33, 38]', '会议内容', '51878131-e990-11ec-90db-0242ac110002', 5, '2022-06-24 01:28:42');
INSERT INTO `tb_meeting` VALUES (109, 'b04245d97a9340ee966e547988512a1c', '测试视频会议', 21, '2022-06-13', NULL, '14:18:00', '15:18:00', 1, '[48]', '会议内容', '8828ea2c-eadc-11ec-b48e-0242ac110003', 5, '2022-06-24 01:28:42');
INSERT INTO `tb_meeting` VALUES (110, '5a92f320508847ec98716e2b02f8008b', '测试会议kkkkk', 21, '2022-06-13', NULL, '14:00:00', '15:23:00', 1, '[21, 48]', '会议内容teesttest', '3c890f15-eadd-11ec-b48e-0242ac110003', 5, '2022-06-24 01:28:42');
INSERT INTO `tb_meeting` VALUES (111, 'ba1b2c6a51434281988b38b2c78258d6', '线上见面会', 21, '2022-06-13', NULL, '14:32:00', '15:32:00', 1, '[21, 48]', '会议内容好久不见', '8a46123e-eade-11ec-b48e-0242ac110003', 5, '2022-06-24 01:28:42');
INSERT INTO `tb_meeting` VALUES (112, '372b066a4d7f4215bd513af889f27a01', '见面会一定成功', 21, '2022-06-13', NULL, '15:30:00', '16:42:00', 1, '[21, 48]', '会议内容success', '66cb6252-eae8-11ec-b2ef-0242ac110003', 5, '2022-06-13 16:41:59');
INSERT INTO `tb_meeting` VALUES (113, '25e6f50c77444b2d99c3d5b2eafe4e58', '一定成功', 21, '2022-06-13', NULL, '15:25:00', '16:48:00', 1, '[21, 48]', '会议内容', '24197386-eae9-11ec-b2ef-0242ac110003', 5, '2022-06-13 16:47:59');
INSERT INTO `tb_meeting` VALUES (114, '183b523571914ef9b48afa786d8eb0c2', '这次一定能成功', 21, '2022-06-13', NULL, '15:38:00', '16:50:00', 1, '[21, 48]', '会议内容啊啊啊啊啊啊啊啊啊啊啊啊', '75564414-eae9-11ec-b2ef-0242ac110003', 5, '2022-06-13 16:49:59');
INSERT INTO `tb_meeting` VALUES (115, '7cfe9865559f4f79ad6c37486139d512', 'test会议success', 21, '2022-06-13', NULL, '15:47:00', '16:59:00', 1, '[21, 48]', '会议内容', 'a7beaa72-eaea-11ec-ae0d-0242ac110003', 5, '2022-06-13 16:58:59');
INSERT INTO `tb_meeting` VALUES (116, '212cd3d7b4a44c03b30f87d1af3812e7', '研新会', 21, '2022-06-24', NULL, '16:14:00', '17:14:00', 1, '[21, 26, 32, 35, 48]', '会议内容', 'f3cdb187-f380-11ec-9a3b-0242ac110004', 5, '2022-06-24 16:13:56');
INSERT INTO `tb_meeting` VALUES (117, '8d8215ba78f34a86a2f39b55d9cd3b05', '测试会议1', 21, '2022-06-24', NULL, '14:34:00', '15:34:00', 1, '[21, 30, 33, 38, 45]', '会议内容', '8fabd0df-f383-11ec-9a3b-0242ac110004', 5, '2022-06-24 15:33:56');
INSERT INTO `tb_meeting` VALUES (119, '579fcdfe15b74b33b1225ae98248e98b', '测试会议3', 21, '2022-06-25', NULL, '14:36:00', '15:36:00', 1, '[21, 30, 33, 38, 44, 45, 46, 48]', 'test', 'ef27f081-f383-11ec-9a3b-0242ac110004', 3, '2022-06-24 14:07:50');

-- ----------------------------
-- Table structure for tb_module
-- ----------------------------
DROP TABLE IF EXISTS `tb_module`;
CREATE TABLE `tb_module`  (
  `id` int(10) UNSIGNED NOT NULL AUTO_INCREMENT COMMENT '主键',
  `module_code` varchar(200) CHARACTER SET utf8 COLLATE utf8_general_ci NOT NULL COMMENT '模块编号',
  `module_name` varchar(200) CHARACTER SET utf8 COLLATE utf8_general_ci NOT NULL COMMENT '模块名称',
  PRIMARY KEY (`id`) USING BTREE,
  UNIQUE INDEX `unq_module_id`(`module_code`) USING BTREE
) ENGINE = InnoDB AUTO_INCREMENT = 6 CHARACTER SET = utf8 COLLATE = utf8_general_ci COMMENT = '模块资源表' ROW_FORMAT = Dynamic;

-- ----------------------------
-- Records of tb_module
-- ----------------------------
INSERT INTO `tb_module` VALUES (1, 'USER', '用户管理');
INSERT INTO `tb_module` VALUES (2, 'EMPLOYEE', '员工管理');
INSERT INTO `tb_module` VALUES (3, 'DEPT', '部门管理');
INSERT INTO `tb_module` VALUES (4, 'MEETING', '会议管理');
INSERT INTO `tb_module` VALUES (5, 'WORKFLOW', '工作流管理');

-- ----------------------------
-- Table structure for tb_permission
-- ----------------------------
DROP TABLE IF EXISTS `tb_permission`;
CREATE TABLE `tb_permission`  (
  `id` int(10) UNSIGNED NOT NULL AUTO_INCREMENT COMMENT '主键',
  `permission_name` varchar(200) CHARACTER SET utf8 COLLATE utf8_general_ci NOT NULL COMMENT '权限',
  `module_id` int(10) UNSIGNED NOT NULL COMMENT '模块ID',
  `action_id` int(10) UNSIGNED NOT NULL COMMENT '行为ID',
  PRIMARY KEY (`id`) USING BTREE,
  UNIQUE INDEX `unq_permission`(`permission_name`) USING BTREE,
  UNIQUE INDEX `unq_complex`(`module_id`, `action_id`) USING BTREE
) ENGINE = InnoDB AUTO_INCREMENT = 18 CHARACTER SET = utf8 COLLATE = utf8_general_ci ROW_FORMAT = Dynamic;

-- ----------------------------
-- Records of tb_permission
-- ----------------------------
INSERT INTO `tb_permission` VALUES (0, 'ROOT', 0, 0);
INSERT INTO `tb_permission` VALUES (1, 'USER:INSERT', 1, 1);
INSERT INTO `tb_permission` VALUES (2, 'USER:DELETE', 1, 2);
INSERT INTO `tb_permission` VALUES (3, 'USER:UPDATE', 1, 3);
INSERT INTO `tb_permission` VALUES (4, 'USER:SELECT', 1, 4);
INSERT INTO `tb_permission` VALUES (5, 'EMPLOYEE:INSERT', 2, 1);
INSERT INTO `tb_permission` VALUES (6, 'EMPLOYEE:DELETE', 2, 2);
INSERT INTO `tb_permission` VALUES (7, 'EMPLOYEE:UPDATE', 2, 3);
INSERT INTO `tb_permission` VALUES (8, 'EMPLOYEE:SELECT', 2, 4);
INSERT INTO `tb_permission` VALUES (9, 'DEPT:INSERT', 3, 1);
INSERT INTO `tb_permission` VALUES (10, 'DEPT:DELETE', 3, 2);
INSERT INTO `tb_permission` VALUES (11, 'DEPT:UPDATE', 3, 3);
INSERT INTO `tb_permission` VALUES (12, 'DEPT:SELECT', 3, 4);
INSERT INTO `tb_permission` VALUES (13, 'MEETING:INSERT', 4, 1);
INSERT INTO `tb_permission` VALUES (14, 'MEETING:DELETE', 4, 2);
INSERT INTO `tb_permission` VALUES (15, 'MEETING:UPDATE', 4, 3);
INSERT INTO `tb_permission` VALUES (16, 'MEETING:SELECT', 4, 4);
INSERT INTO `tb_permission` VALUES (17, 'WORKFLOW:APPROVAL', 5, 5);

-- ----------------------------
-- Table structure for tb_role
-- ----------------------------
DROP TABLE IF EXISTS `tb_role`;
CREATE TABLE `tb_role`  (
  `id` int(10) UNSIGNED NOT NULL AUTO_INCREMENT COMMENT '主键',
  `role_name` varchar(200) CHARACTER SET utf8 COLLATE utf8_general_ci NOT NULL COMMENT '角色名称',
  `permissions` json NOT NULL COMMENT '权限集合',
  PRIMARY KEY (`id`) USING BTREE,
  UNIQUE INDEX `unq_role_name`(`role_name`) USING BTREE
) ENGINE = InnoDB AUTO_INCREMENT = 4 CHARACTER SET = utf8 COLLATE = utf8_general_ci COMMENT = '角色表' ROW_FORMAT = Dynamic;

-- ----------------------------
-- Records of tb_role
-- ----------------------------
INSERT INTO `tb_role` VALUES (0, '超级管理员', '[0]');
INSERT INTO `tb_role` VALUES (1, '总经理', '[1, 2, 3, 4, 5, 6, 7, 8, 9, 10, 11, 12, 13, 14, 15, 16, 17]');
INSERT INTO `tb_role` VALUES (2, '部门经理', '[1, 2, 3, 4, 5, 6, 7, 8, 9, 10, 11, 17]');
INSERT INTO `tb_role` VALUES (3, '普通员工', '[1, 2, 3, 4, 5, 6, 7, 8]');

-- ----------------------------
-- Table structure for tb_user
-- ----------------------------
DROP TABLE IF EXISTS `tb_user`;
CREATE TABLE `tb_user`  (
  `id` int(10) UNSIGNED NOT NULL AUTO_INCREMENT COMMENT '主键',
  `open_id` varchar(200) CHARACTER SET utf8 COLLATE utf8_general_ci NULL DEFAULT NULL COMMENT '长期授权字符串',
  `nickname` varchar(200) CHARACTER SET utf8 COLLATE utf8_general_ci NULL DEFAULT NULL COMMENT '昵称',
  `photo` varchar(200) CHARACTER SET utf8 COLLATE utf8_general_ci NULL DEFAULT NULL COMMENT '头像网址',
  `name` varchar(20) CHARACTER SET utf8 COLLATE utf8_general_ci NULL DEFAULT NULL COMMENT '姓名',
  `sex` enum('男','女') CHARACTER SET utf8 COLLATE utf8_general_ci NULL DEFAULT NULL COMMENT '性别',
  `tel` char(11) CHARACTER SET utf8 COLLATE utf8_general_ci NULL DEFAULT NULL COMMENT '手机号码',
  `email` varchar(200) CHARACTER SET utf8 COLLATE utf8_general_ci NULL DEFAULT NULL COMMENT '邮箱',
  `hiredate` date NULL DEFAULT NULL COMMENT '入职日期',
  `role` json NOT NULL COMMENT '角色',
  `root` tinyint(1) NOT NULL COMMENT '是否是超级管理员',
  `dept_id` int(10) UNSIGNED NULL DEFAULT NULL COMMENT '部门编号',
  `status` tinyint(4) NOT NULL COMMENT '状态',
  `create_time` datetime(0) NOT NULL ON UPDATE CURRENT_TIMESTAMP(0) COMMENT '创建时间',
  PRIMARY KEY (`id`) USING BTREE,
  UNIQUE INDEX `unq_open_id`(`open_id`) USING BTREE,
  INDEX `unq_email`(`email`) USING BTREE,
  INDEX `idx_dept_id`(`dept_id`) USING BTREE,
  INDEX `idx_status`(`status`) USING BTREE
) ENGINE = InnoDB AUTO_INCREMENT = 49 CHARACTER SET = utf8 COLLATE = utf8_general_ci COMMENT = '用户表' ROW_FORMAT = Dynamic;

-- ----------------------------
-- Records of tb_user
-- ----------------------------
INSERT INTO `tb_user` VALUES (21, 'oVZt25eB6ENHvRmotxTguK9lP0ng', '微信用户', 'https://thirdwx.qlogo.cn/mmopen/vi_32/POgEwh4mIHO4nibH0KlMECNjjGxQUq24ZEaGT4poC6icRiccVGKSyXwibcPq4BWmiaIGuG1icwxaQX6grC9VemZoJ8rg/132', 'Kuky', '女', '13336485124', '739663514@qq.com', '2022-06-09', '[0, 2]', 1, 1, 1, '2022-06-24 01:35:34');
INSERT INTO `tb_user` VALUES (25, NULL, '可爱强', 'https://static-1258386385.cos.ap-beijing.myqcloud.com/img/header/070814173644654.jpg', '张强', '男', '13312345678', 'zhangqiang@163.com', '2020-08-10', '[1]', 0, 3, 1, '2020-12-27 15:34:31');
INSERT INTO `tb_user` VALUES (26, NULL, '可爱李', 'https://static-1258386385.cos.ap-beijing.myqcloud.com/img/header/0709201917506.jpg', '李楠楠', '女', '13312345678', 'linn@163.com', '2020-08-10', '[3]', 0, 2, 1, '2022-06-11 21:46:49');
INSERT INTO `tb_user` VALUES (27, NULL, '天使也爱我', 'https://static-1258386385.cos.ap-beijing.myqcloud.com/img/header/0709201917515.jpg', '赵孟', '男', '13312345679', 'zhaomeng@163.com', '2020-08-10', '[3]', 0, 5, 1, '2020-12-25 00:57:00');
INSERT INTO `tb_user` VALUES (28, NULL, '三国无双', 'https://static-1258386385.cos.ap-beijing.myqcloud.com/img/header/070920192833.jpg', '黄瑾', '男', '13312345678', 'huangjin@163.com', '2020-08-10', '[3]', 0, 5, 1, '2020-12-25 00:56:58');
INSERT INTO `tb_user` VALUES (29, NULL, '学习小天使', 'https://static-1258386385.cos.ap-beijing.myqcloud.com/img/header/070920192840.jpg', '曹鸿文', '男', '13312345678', 'caohongwen@163.com', '2020-08-10', '[3]', 0, 4, 1, '2020-12-25 00:56:56');
INSERT INTO `tb_user` VALUES (30, NULL, '十三爷', 'https://static-1258386385.cos.ap-beijing.myqcloud.com/img/header/070920192840.jpg', '江星汉', '男', '13312345678', '106135489@qq.com', '2020-08-10', '[3]', 0, 1, 1, '2022-06-11 21:49:16');
INSERT INTO `tb_user` VALUES (31, NULL, '蛋疼的生活也要揉着蛋过', 'https://static-1258386385.cos.ap-beijing.myqcloud.com/img/header/150814175646010.jpg', '王嘉佑', '男', '13312345678', 'wangjiayou@163.com', '2020-08-10', '[3]', 0, 4, 1, '2020-12-25 00:57:11');
INSERT INTO `tb_user` VALUES (32, NULL, '小苒', 'https://static-1258386385.cos.ap-beijing.myqcloud.com/img/header/150814175746011.jpg', '杨同化', '男', '13312345678', 'yangtonghua@163.com', '2020-08-10', '[3]', 0, 2, 1, '2020-12-25 00:57:14');
INSERT INTO `tb_user` VALUES (33, NULL, '亦夕若无梦', 'https://static-1258386385.cos.ap-beijing.myqcloud.com/img/header/170800175579.jpg', '石勇军', '男', '13312345678', 'shiyongjun@163.com', '2020-08-10', '[3]', 0, 1, 1, '2020-12-25 00:57:17');
INSERT INTO `tb_user` VALUES (34, NULL, '冷面无情的你', 'https://static-1258386385.cos.ap-beijing.myqcloud.com/img/header/17080117408982.jpg', '方新荣', '男', '13312345678', 'fangxinrong@163.com', '2020-08-10', '[3]', 0, 4, 1, '2020-12-25 00:57:18');
INSERT INTO `tb_user` VALUES (35, NULL, '一生挚爱琳', 'https://static-1258386385.cos.ap-beijing.myqcloud.com/img/header/17080117438991.jpg', '徐文星', '男', '13312345678', 'xuwenxing@163.com', '2020-08-10', '[3]', 0, 2, 1, '2020-12-25 00:57:20');
INSERT INTO `tb_user` VALUES (36, NULL, '沉默的谎言', 'https://static-1258386385.cos.ap-beijing.myqcloud.com/img/header/170814171546194.jpg', '钱明诚', '男', '13312345678', 'qianmingcheng@163.com', '2020-08-10', '[2]', 0, 4, 1, '2020-12-27 15:31:45');
INSERT INTO `tb_user` VALUES (37, NULL, '想说喜欢你', 'https://static-1258386385.cos.ap-beijing.myqcloud.com/img/header/170814171546199.jpg', '程奇邃', '男', '13312345678', 'chengqisui@163.com', '2020-08-10', '[3]', 0, 3, 1, '2020-12-25 00:57:26');
INSERT INTO `tb_user` VALUES (38, NULL, '莹然', 'https://static-1258386385.cos.ap-beijing.myqcloud.com/img/header/1808001722242.jpg', '金勇捷', '男', '13312345678', 'jinyongjie@163.com', '2020-08-10', '[3]', 0, 1, 1, '2020-12-25 00:57:27');
INSERT INTO `tb_user` VALUES (39, NULL, '山外青山楼外楼', 'https://static-1258386385.cos.ap-beijing.myqcloud.com/img/header/18080117069001.jpg', '姜巍奕', '男', '13312345678', 'weiyiluan@163.com', '2020-08-10', '[3]', 0, 3, 1, '2020-12-25 00:57:30');
INSERT INTO `tb_user` VALUES (40, NULL, '曼幽谷', 'https://static-1258386385.cos.ap-beijing.myqcloud.com/img/header/18080117079005.jpg', '邹庆生', '男', '13312345678', 'zouqingsheng@163.com', '2020-08-10', '[3]', 0, 3, 1, '2020-12-25 00:57:33');
INSERT INTO `tb_user` VALUES (41, NULL, '全球变冷', 'https://static-1258386385.cos.ap-beijing.myqcloud.com/img/header/21080117329711.jpg', '王乐容', '男', '13312345678', 'wanglerong@163.com', '2020-08-10', '[3]', 0, 3, 1, '2020-12-25 00:57:37');
INSERT INTO `tb_user` VALUES (42, NULL, '雪入心扉 梦千年', 'https://static-1258386385.cos.ap-beijing.myqcloud.com/img/header/240801170910258.jpg', '梁玉堂', '男', '13312345678', 'liangyutang@163.com', '2020-08-10', '[3]', 0, 4, 1, '2020-12-25 00:57:41');
INSERT INTO `tb_user` VALUES (43, NULL, '到永远', 'https://static-1258386385.cos.ap-beijing.myqcloud.com/img/header/260801172110685.jpg', '乔坚白', '男', '13312345678', 'qiaojianbai@163.com', '2020-08-10', '[3]', 0, 5, 1, '2020-12-25 00:57:43');
INSERT INTO `tb_user` VALUES (44, NULL, '冥冥之中早已注定', 'https://static-1258386385.cos.ap-beijing.myqcloud.com/img/header/260801172210686.jpg', '沈巍然', '男', '13312345678', 'shenweiran@163.com', '2020-08-10', '[3]', 0, 1, 1, '2020-12-25 00:57:45');
INSERT INTO `tb_user` VALUES (45, NULL, '羞羞me和文', 'https://static-1258386385.cos.ap-beijing.myqcloud.com/img/header/260801172210691.jpg', '周泰宁', '男', '13312345678', 'zhoutaining@163.com', '2020-08-10', '[3]', 0, 1, 1, '2020-12-25 00:57:48');
INSERT INTO `tb_user` VALUES (46, NULL, '太上老君', 'https://static-1258386385.cos.ap-beijing.myqcloud.com/img/header/270419012722720.jpg', '赵敏', '女', '13312345678', 'zhaomin@@163.com', '2020-05-11', '[3]', 0, 1, 1, '2020-12-25 00:57:50');
INSERT INTO `tb_user` VALUES (48, 'oVZt25XrDxnt4dUfeY5WftxHeEDA', 'CL', 'https://thirdwx.qlogo.cn/mmopen/vi_32/H5ks3bibDthTQjZ5MH9gBriaCcQvvPojiaCEkO6stYLb0icickFt7s3RFu9mHnoUUOeexoBYgQic8hD0lOeo4dQ8c0bA/132', '测试号', '女', '13336485124', '739663514@qq.com', '2022-06-13', '[0]', 0, 1, 1, '2022-06-24 01:35:26');

-- ----------------------------
-- Table structure for tb_workday
-- ----------------------------
DROP TABLE IF EXISTS `tb_workday`;
CREATE TABLE `tb_workday`  (
  `id` int(11) NOT NULL AUTO_INCREMENT COMMENT '主键',
  `date` date NULL DEFAULT NULL COMMENT '日期',
  PRIMARY KEY (`id`) USING BTREE,
  UNIQUE INDEX `unq_date`(`date`) USING BTREE
) ENGINE = InnoDB AUTO_INCREMENT = 8 CHARACTER SET = utf8 COLLATE = utf8_general_ci ROW_FORMAT = Dynamic;

-- ----------------------------
-- Records of tb_workday
-- ----------------------------
INSERT INTO `tb_workday` VALUES (1, '2022-01-29');
INSERT INTO `tb_workday` VALUES (2, '2022-01-30');
INSERT INTO `tb_workday` VALUES (3, '2022-04-02');
INSERT INTO `tb_workday` VALUES (4, '2022-04-24');
INSERT INTO `tb_workday` VALUES (5, '2022-05-07');
INSERT INTO `tb_workday` VALUES (6, '2022-10-08');
INSERT INTO `tb_workday` VALUES (7, '2022-10-09');

SET FOREIGN_KEY_CHECKS = 1;
